Team,Date,Cmp,Day,G#,Week,,Opp,Result,Cmp,Att,Inc,Cmp%,Yds,TD,Int,TD%,Int%,Rate,Sk,Yds,Sk%,Y/A,NY/A,AY/A,ANY/A,Y/C,game_id
LAR,2019-09-29,45,Sun,4,4,,TAM,L 40-55,45,68,23,66.2,490,2,3,2.9,4.4,80.3,2,27,2.86,7.2,7.00,5.81,5.64,10.9,LAR_TAM_2019-09-29
KAN,2022-11-06,43,Sun,8,9,,TEN,W 20-17 (OT),43,68,25,63.2,422,1,1,1.5,1.5,80.9,4,24,5.56,6.2,5.86,5.84,5.51,9.8,KAN_TEN_2022-11-06
IND,2022-10-16,42,Sun,6,6,,JAX,W 34-27,42,58,16,72.4,389,3,0,5.2,0.0,107.6,0,0,0.00,6.7,6.71,7.74,7.74,9.3,IND_JAX_2022-10-16
BUF,2022-09-25,42,Sun,3,3,@,MIA,L 19-21,42,63,21,66.7,382,2,0,3.2,0.0,94.7,4,18,5.97,6.1,5.70,6.70,6.30,9.1,BUF_MIA_2022-09-25
DAL,2021-09-09,42,Thu,1,1,@,TAM,L 29-31,42,58,16,72.4,391,3,1,5.2,1.7,101.4,1,12,1.69,6.7,6.63,7.00,6.88,9.3,DAL_TAM_2021-09-09
DAL,2018-12-09,42,Sun,13,14,,PHI,W 29-23 (OT),42,54,12,77.8,434,3,2,5.6,3.7,104.9,3,21,5.26,8.0,7.61,7.48,7.09,10.3,DAL_PHI_2018-12-09
PIT,2018-11-25,42,Sun,11,12,@,DEN,L 17-24,42,58,16,72.4,452,2,2,3.4,3.4,92.9,2,12,3.33,7.8,7.53,6.93,6.70,10.8,PIT_DEN_2018-11-25
TAM,2021-09-26,41,Sun,3,3,@,LAR,L 24-34,41,55,14,74.5,411,1,0,1.8,0.0,103.0,3,21,5.17,7.5,7.09,7.84,7.43,10.0,TAM_LAR_2021-09-26
DAL,2020-10-04,41,Sun,4,4,,CLE,L 38-49,41,58,17,70.7,481,4,1,6.9,1.7,112.9,3,21,4.92,8.3,7.89,8.90,8.46,11.7,DAL_CLE_2020-10-04
CIN,2022-12-24,40,Sat,15,16,@,NWE,W 22-18,40,52,12,76.9,369,3,2,5.8,3.8,99.4,2,6,3.70,7.1,6.83,6.52,6.28,9.2,CIN_NWE_2022-12-24
IND,2018-09-30,40,Sun,4,4,,HOU,L 34-37 (OT),40,62,22,64.5,437,4,0,6.5,0.0,108.5,4,27,6.06,7.0,6.62,8.34,7.83,10.9,IND_HOU_2018-09-30
MIN,2018-09-23,40,Sun,3,3,,BUF,L 6-27,40,55,15,72.7,278,1,1,1.8,1.8,83.6,4,18,6.78,5.1,4.71,4.60,4.29,7.0,MIN_BUF_2018-09-23
LAC,2022-12-11,39,Sun,13,14,,MIA,W 23-17,39,51,12,76.5,350,1,0,2.0,0.0,102.3,4,17,7.27,6.9,6.36,7.25,6.73,9.0,LAC_MIA_2022-12-11
TAM,2022-10-02,39,Sun,4,4,,KAN,L 31-41,39,52,13,75.0,373,3,0,5.8,0.0,114.7,1,12,1.89,7.2,7.04,8.33,8.17,9.6,TAM_KAN_2022-10-02
NYJ,2021-10-31,39,Sun,7,8,,CIN,W 34-31,39,49,10,79.6,414,3,2,6.1,4.1,106.0,2,8,3.92,8.4,8.12,7.84,7.53,10.6,NYJ_CIN_2021-10-31
LAR,2020-11-23,39,Mon,10,11,@,TAM,W 27-24,39,51,12,76.5,376,3,2,5.9,3.9,99.8,0,0,0.00,7.4,7.37,6.78,6.78,9.6,LAR_TAM_2020-11-23
ATL,2019-10-27,39,Sun,8,8,,SEA,L 20-27,39,52,13,75.0,441,1,1,1.9,1.9,99.8,2,19,3.70,8.5,8.17,8.00,7.70,11.3,ATL_SEA_2019-10-27
NOR,2018-09-23,39,Sun,3,3,@,ATL,W 43-37 (OT),39,49,10,79.6,391,3,0,6.1,0.0,120.7,1,5,2.00,8.0,7.82,9.20,9.02,10.0,NOR_ATL_2018-09-23
PIT,2018-09-16,39,Sun,2,2,,KAN,L 37-42,39,60,21,65.0,442,3,0,5.0,0.0,104.3,1,10,1.64,7.4,7.25,8.37,8.23,11.3,PIT_KAN_2018-09-16
IND,2018-09-09,39,Sun,1,1,,CIN,L 23-34,39,53,14,73.6,305,2,1,3.8,1.9,93.2,2,14,3.64,5.8,5.55,5.66,5.45,7.8,IND_CIN_2018-09-09
TAM,2021-12-05,38,Sun,12,13,@,ATL,W 30-17,38,51,13,74.5,368,4,1,7.8,2.0,112.2,0,0,0.00,7.2,7.22,7.90,7.90,9.7,TAM_ATL_2021-12-05
PIT,2021-09-26,38,Sun,3,3,,CIN,L 10-24,38,58,20,65.5,297,1,2,1.7,3.4,70.9,4,21,6.45,5.1,4.79,3.91,3.66,7.8,PIT_CIN_2021-09-26
DET,2021-09-12,38,Sun,1,1,,SFO,L 33-41,38,57,19,66.7,314,3,1,5.3,1.8,92.6,3,24,5.00,5.5,5.23,5.77,5.48,8.3,DET_SFO_2021-09-12
WAS,2020-12-20,38,Sun,14,15,,SEA,L 15-20,38,55,17,69.1,269,1,2,1.8,3.6,72.9,4,26,6.78,4.9,4.56,3.62,3.37,7.1,WAS_SEA_2020-12-20
WAS,2020-11-15,38,Sun,9,10,@,DET,L 27-30,38,55,17,69.1,375,0,0,0.0,0.0,89.2,2,15,3.51,6.8,6.58,6.82,6.58,9.9,WAS_DET_2020-11-15
ATL,2018-11-11,38,Sun,9,10,@,CLE,L 16-28,38,52,14,73.1,311,2,0,3.8,0.0,102.2,2,19,3.70,6.0,5.76,6.75,6.50,8.2,ATL_CLE_2018-11-11
IND,2018-10-04,38,Thu,5,5,@,NWE,L 24-38,38,59,21,64.4,355,3,2,5.1,3.4,84.4,1,10,1.67,6.0,5.92,5.51,5.42,9.3,IND_NWE_2018-10-04
LAC,2022-10-17,37,Mon,6,6,,DEN,W 19-16 (OT),37,57,20,64.9,224,0,1,0.0,1.8,66.3,2,14,3.39,3.9,3.80,3.14,3.03,6.1,LAC_DEN_2022-10-17
ARI,2022-09-25,37,Sun,3,3,,LAR,L 12-20,37,58,21,63.8,295,0,0,0.0,0.0,77.8,2,19,3.33,5.1,4.92,5.09,4.92,8.0,ARI_LAR_2022-09-25
NYJ,2022-09-11,37,Sun,1,1,,BAL,L 9-24,37,59,22,62.7,297,1,1,1.7,1.7,74.8,3,12,4.84,5.0,4.79,4.61,4.39,8.0,NYJ_BAL_2022-09-11
CIN,2021-12-26,37,Sun,15,16,,BAL,W 41-21,37,46,9,80.4,498,4,0,8.7,0.0,143.2,3,27,6.12,10.8,10.16,12.57,11.80,13.5,CIN_BAL_2021-12-26
BAL,2021-10-11,37,Mon,5,5,,IND,W 31-25 (OT),37,43,6,86.0,437,4,0,9.3,0.0,140.5,2,5,4.44,10.2,9.71,12.02,11.49,11.8,BAL_IND_2021-10-11
MIN,2021-09-12,37,Sun,1,1,@,CIN,L 24-27 (OT),37,50,13,74.0,336,2,0,4.0,0.0,107.2,3,26,5.66,6.7,6.34,7.52,7.09,9.1,MIN_CIN_2021-09-12
LAR,2020-12-06,37,Sun,12,13,@,ARI,W 38-28,37,47,10,78.7,344,1,0,2.1,0.0,104.9,1,7,2.08,7.3,7.17,7.74,7.58,9.3,LAR_ARI_2020-12-06
KAN,2020-11-29,37,Sun,11,12,@,TAM,W 27-24,37,50,13,74.0,456,3,0,6.0,0.0,122.2,2,6,3.85,9.1,8.77,10.32,9.92,12.3,KAN_TAM_2020-11-29
LAC,2020-11-22,37,Sun,10,11,,NYJ,W 34-28,37,49,12,75.5,347,3,0,6.1,0.0,116.5,3,19,5.77,7.1,6.67,8.31,7.83,9.4,LAC_NYJ_2020-11-22
CAR,2020-11-08,37,Sun,9,9,@,KAN,L 31-33,37,50,13,74.0,331,2,0,4.0,0.0,105.2,2,7,3.85,6.6,6.37,7.42,7.13,8.9,CAR_KAN_2020-11-08
DAL,2020-09-27,37,Sun,3,3,@,SEA,L 31-38,37,57,20,64.9,461,3,2,5.3,3.5,93.6,2,11,3.39,8.1,7.81,7.56,7.31,12.5,DAL_SEA_2020-09-27
CIN,2020-09-17,37,Thu,2,2,@,CLE,L 30-35,37,61,24,60.7,285,3,0,4.9,0.0,90.6,3,31,4.69,4.7,4.45,5.66,5.39,7.7,CIN_CLE_2020-09-17
ATL,2020-09-13,37,Sun,1,1,,SEA,L 25-38,37,54,17,68.5,434,2,1,3.7,1.9,98.5,2,16,3.57,8.0,7.75,7.94,7.66,11.7,ATL_SEA_2020-09-13
CAR,2018-12-23,37,Sun,15,16,,ATL,L 10-24,37,57,20,64.9,295,1,3,1.8,5.3,62.9,2,17,3.39,5.2,5.00,3.16,3.05,8.0,CAR_ATL_2018-12-23
GNB,2018-12-23,37,Sun,15,16,@,NYJ,W 44-38 (OT),37,55,18,67.3,413,2,0,3.6,0.0,103.7,4,29,6.78,7.5,7.00,8.24,7.68,11.2,GNB_NYJ_2018-12-23
NOR,2018-09-09,37,Sun,1,1,,TAM,L 40-48,37,45,8,82.2,432,3,0,6.7,0.0,129.5,1,7,2.17,9.6,9.39,10.93,10.70,11.7,NOR_TAM_2018-09-09
KAN,2022-12-18,36,Sun,14,15,@,HOU,W 30-24 (OT),36,41,5,87.8,313,2,0,4.9,0.0,117.1,2,23,4.65,7.6,7.28,8.61,8.21,8.7,KAN_HOU_2022-12-18
TAM,2022-12-05,36,Mon,12,13,,NOR,W 17-16,36,54,18,66.7,274,2,1,3.7,1.9,84.0,1,7,1.82,5.1,4.98,4.98,4.89,7.6,TAM_NOR_2022-12-05
TAM,2022-11-06,36,Sun,9,9,,LAR,W 16-13,36,58,22,62.1,272,1,0,1.7,0.0,79.7,1,8,1.69,4.7,4.61,5.03,4.95,7.6,TAM_LAR_2022-11-06
MIA,2022-09-18,36,Sun,2,2,@,BAL,W 42-38,36,50,14,72.0,461,6,2,12.0,4.0,124.1,1,8,1.96,9.2,9.04,9.82,9.63,12.8,MIA_BAL_2022-09-18
BUF,2021-12-12,36,Sun,13,14,@,TAM,L 27-33 (OT),36,54,18,66.7,293,2,1,3.7,1.9,86.0,3,15,5.26,5.4,5.14,5.33,5.05,8.1,BUF_TAM_2021-12-12
KAN,2021-11-14,36,Sun,10,10,@,LVR,W 41-14,36,51,15,70.6,422,5,0,9.8,0.0,128.1,0,0,0.00,8.3,8.27,10.24,10.24,11.7,KAN_LVR_2021-11-14
DAL,2021-10-17,36,Sun,6,6,@,NWE,W 35-29 (OT),36,51,15,70.6,445,3,1,5.9,2.0,108.7,0,0,0.00,8.7,8.73,9.02,9.02,12.4,DAL_NWE_2021-10-17
MIA,2021-01-03,36,Sun,16,17,@,BUF,L 26-56,36,59,23,61.0,384,1,3,1.7,5.1,65.1,1,9,1.67,6.5,6.40,4.56,4.48,10.7,MIA_BUF_2021-01-03
LAC,2020-12-13,36,Sun,13,14,,ATL,W 20-17,36,44,8,81.8,240,2,1,4.5,2.3,95.4,1,3,2.22,5.5,5.33,5.34,5.22,6.7,LAC_ATL_2020-12-13
PIT,2020-12-02,36,Wed,11,12,,BAL,W 19-14,36,51,15,70.6,266,1,1,2.0,2.0,81.0,0,0,0.00,5.2,5.22,4.73,4.73,7.4,PIT_BAL_2020-12-02
CHI,2020-11-08,36,Sun,9,9,@,TEN,L 17-24,36,52,16,69.2,319,2,0,3.8,0.0,99.4,3,16,5.45,6.1,5.80,6.90,6.53,8.9,CHI_TEN_2020-11-08
CIN,2020-10-25,36,Sun,7,7,,CLE,L 34-37,36,48,12,75.0,387,3,1,6.3,2.1,113.4,4,35,7.69,8.1,7.44,8.38,7.73,10.8,CIN_CLE_2020-10-25
IND,2020-09-13,36,Sun,1,1,@,JAX,L 20-27,36,46,10,78.3,357,1,2,2.2,4.3,88.7,1,6,2.13,7.8,7.60,6.24,6.11,9.9,IND_JAX_2020-09-13
KAN,2019-11-10,36,Sun,10,10,@,TEN,L 32-35,36,51,15,70.6,433,3,0,5.9,0.0,117.0,2,13,3.77,8.5,8.17,9.67,9.30,12.0,KAN_TEN_2019-11-10
MIN,2018-09-27,36,Thu,4,4,@,LAR,L 31-38,36,50,14,72.0,392,3,0,6.0,0.0,117.2,4,30,7.41,7.8,7.26,9.04,8.37,10.9,MIN_LAR_2018-09-27
LAC,2022-11-27,35,Sun,11,12,@,ARI,W 25-24,35,47,12,74.5,246,3,0,6.4,0.0,109.7,4,28,7.84,5.2,4.82,6.51,6.00,7.0,LAC_ARI_2022-11-27
TAM,2022-10-09,35,Sun,5,5,,ATL,W 21-15,35,52,17,67.3,351,1,0,1.9,0.0,92.7,0,0,0.00,6.8,6.75,7.13,7.13,10.0,TAM_ATL_2022-10-09
ARI,2021-11-21,35,Sun,11,11,@,SEA,W 23-13,35,44,9,79.5,318,2,0,4.5,0.0,112.9,2,10,4.35,7.2,6.91,8.14,7.78,9.1,ARI_SEA_2021-11-21
TEN,2021-11-21,35,Sun,11,11,,HOU,L 13-22,35,52,17,67.3,317,1,4,1.9,7.7,58.4,2,6,3.70,6.1,5.87,3.02,2.91,9.1,TEN_HOU_2021-11-21
BUF,2021-10-18,35,Mon,6,6,@,TEN,L 31-34,35,47,12,74.5,335,3,1,6.4,2.1,107.8,3,18,6.00,7.1,6.70,7.45,7.00,9.6,BUF_TEN_2021-10-18
DEN,2021-10-17,35,Sun,6,6,,LVR,L 24-34,35,49,14,71.4,309,3,3,6.1,6.1,84.9,5,25,9.26,6.3,5.72,4.78,4.33,8.8,DEN_LVR_2021-10-17
ATL,2021-09-19,35,Sun,2,2,@,TAM,L 25-48,35,48,13,72.9,293,2,3,4.2,6.3,76.7,1,7,2.04,6.1,5.98,4.13,4.04,8.4,ATL_TAM_2021-09-19
KAN,2020-11-22,35,Sun,10,11,@,LVR,W 35-31,35,46,11,76.1,352,2,1,4.3,2.2,102.8,0,0,0.00,7.7,7.65,7.54,7.54,10.1,KAN_LVR_2020-11-22
KAN,2020-11-01,35,Sun,8,8,,NYJ,W 35-9,35,47,12,74.5,446,5,0,10.6,0.0,139.1,0,0,0.00,9.5,9.49,11.62,11.62,12.7,KAN_NYJ_2020-11-01
LAR,2020-11-01,35,Sun,8,8,@,MIA,L 17-28,35,61,26,57.4,340,1,2,1.6,3.3,65.9,2,15,3.17,5.6,5.40,4.43,4.29,9.7,LAR_MIA_2020-11-01
LAC,2020-09-27,35,Sun,3,3,,CAR,L 16-21,35,49,14,71.4,319,1,1,2.0,2.0,88.0,2,11,3.92,6.5,6.25,6.00,5.76,9.1,LAC_CAR_2020-09-27
TAM,2019-12-08,35,Sun,13,14,,IND,W 38-35,35,49,14,71.4,467,4,3,8.2,6.1,103.6,1,7,2.00,9.5,9.34,8.41,8.24,13.3,TAM_IND_2019-12-08
ATL,2019-11-28,35,Thu,12,13,,NOR,L 18-26,35,50,15,70.0,259,2,2,4.0,4.0,83.1,9,53,15.25,5.2,4.39,4.18,3.54,7.4,ATL_NOR_2019-11-28
ATL,2019-09-29,35,Sun,4,4,,TEN,L 10-24,35,53,18,66.0,364,0,0,0.0,0.0,88.3,5,33,8.62,6.9,6.28,6.87,6.28,10.4,ATL_TEN_2019-09-29
DEN,2019-09-15,35,Sun,2,2,,CHI,L 14-16,35,50,15,70.0,282,1,1,2.0,2.0,83.1,2,10,3.85,5.6,5.42,5.14,4.94,8.1,DEN_CHI_2019-09-15
CIN,2019-09-08,35,Sun,1,1,@,SEA,L 20-21,35,51,16,68.6,395,2,0,3.9,0.0,106.5,5,23,8.93,7.7,7.05,8.53,7.77,11.3,CIN_SEA_2019-09-08
PHI,2018-12-23,35,Sun,15,16,,HOU,W 32-30,35,50,15,70.0,462,4,1,8.0,2.0,118.0,1,9,1.96,9.2,9.06,9.94,9.75,13.2,PHI_HOU_2018-12-23
LAR,2018-12-16,35,Sun,14,15,,PHI,L 23-30,35,54,19,64.8,325,0,1,0.0,1.9,74.5,2,14,3.57,6.0,5.80,5.19,5.00,9.3,LAR_PHI_2018-12-16
KAN,2018-12-09,35,Sun,13,14,,BAL,W 27-24 (OT),35,53,18,66.0,348,2,1,3.8,1.9,91.5,3,29,5.36,6.6,6.21,6.47,6.13,9.9,KAN_BAL_2018-12-09
ATL,2018-11-22,35,Thu,11,12,@,NOR,L 17-31,35,47,12,74.5,340,2,1,4.3,2.1,102.9,6,37,11.32,7.2,6.42,7.13,6.32,9.7,ATL_NOR_2018-11-22
DEN,2018-10-07,35,Sun,5,5,@,NYJ,L 16-34,35,51,16,68.6,344,2,1,3.9,2.0,95.0,4,33,7.27,6.7,6.25,6.65,6.16,9.8,DEN_NYJ_2018-10-07
OAK,2018-09-30,35,Sun,4,4,,CLE,W 45-42 (OT),35,58,23,60.3,426,4,2,6.9,3.4,92.4,3,11,4.92,7.3,6.98,7.17,6.82,12.2,OAK_CLE_2018-09-30
PHI,2018-09-16,35,Sun,2,2,@,TAM,L 21-27,35,48,13,72.9,321,1,0,2.1,0.0,98.8,3,13,5.88,6.7,6.29,7.10,6.69,9.2,PHI_TAM_2018-09-16
MIN,2018-09-16,35,Sun,2,2,@,GNB,T 29-29 (OT),35,48,13,72.9,412,4,1,8.3,2.1,118.8,2,13,4.00,8.6,8.24,9.31,8.94,11.8,MIN_GNB_2018-09-16
TAM,2023-01-01,34,Sun,16,17,,CAR,W 30-24,34,45,11,75.6,411,3,0,6.7,0.0,127.3,3,21,6.25,9.1,8.56,10.47,9.81,12.1,TAM_CAR_2023-01-01
MIN,2022-12-24,34,Sat,15,16,,NYG,W 27-24,34,48,14,70.8,270,3,0,6.3,0.0,107.9,4,29,7.69,5.6,5.19,6.88,6.35,7.9,MIN_NYG_2022-12-24
MIN,2022-12-17,34,Sat,14,15,,IND,W 39-36 (OT),34,55,21,61.8,426,4,2,7.3,3.6,97.5,7,34,11.29,7.7,6.87,7.56,6.71,12.5,MIN_IND_2022-12-17
TAM,2022-12-11,34,Sun,13,14,@,SFO,L 7-35,34,55,21,61.8,253,1,2,1.8,3.6,63.7,0,0,0.00,4.6,4.60,3.33,3.33,7.4,TAM_SFO_2022-12-11
CIN,2022-10-23,34,Sun,7,7,,ATL,W 35-17,34,42,8,81.0,459,3,0,7.1,0.0,138.2,3,22,6.67,10.9,10.20,12.36,11.53,13.5,CIN_ATL_2022-10-23
PIT,2022-10-09,34,Sun,5,5,@,BUF,L 3-38,34,52,18,65.4,310,0,1,0.0,1.9,74.8,3,17,5.45,6.0,5.64,5.10,4.82,9.1,PIT_BUF_2022-10-09
LAC,2022-01-09,34,Sun,17,18,@,LVR,L 32-35 (OT),34,64,30,53.1,355,3,1,4.7,1.6,80.4,3,28,4.48,5.5,5.30,5.78,5.52,10.4,LAC_LVR_2022-01-09
TAM,2022-01-02,34,Sun,16,17,@,NYJ,W 28-24,34,50,16,68.0,405,3,1,6.0,2.0,104.6,1,5,1.96,8.1,7.94,8.40,8.24,11.9,TAM_NYJ_2022-01-02
NYJ,2021-11-04,34,Thu,8,9,@,IND,L 30-45,34,52,18,65.4,398,4,1,7.7,1.9,107.2,2,14,3.70,7.7,7.37,8.33,8.02,11.7,NYJ_IND_2021-11-04
MIA,2021-10-17,34,Sun,6,6,@,JAX,L 20-23,34,48,14,70.8,354,2,1,4.2,2.1,97.0,0,0,0.00,7.4,7.38,7.27,7.27,10.4,MIA_JAX_2021-10-17
TAM,2021-10-14,34,Thu,6,6,@,PHI,W 28-22,34,42,8,81.0,297,2,1,4.8,2.4,102.1,0,0,0.00,7.1,7.07,6.95,6.95,8.7,TAM_PHI_2021-10-14
WAS,2021-09-16,34,Thu,2,2,,NYG,W 30-29,34,46,12,73.9,320,2,1,4.3,2.2,99.5,1,16,2.13,7.0,6.81,6.85,6.70,9.4,WAS_NYG_2021-09-16
LVR,2021-09-13,34,Mon,1,1,,BAL,W 33-27 (OT),34,56,22,60.7,409,2,1,3.6,1.8,89.5,3,26,5.08,7.3,6.93,7.21,6.85,12.0,LVR_BAL_2021-09-13
PIT,2020-12-27,34,Sun,15,16,,IND,W 28-24,34,49,15,69.4,332,3,0,6.1,0.0,109.3,1,9,2.00,6.8,6.64,8.00,7.84,9.8,PIT_IND_2020-12-27
ATL,2020-12-20,34,Sun,14,15,,TAM,L 27-31,34,49,15,69.4,332,3,0,6.1,0.0,110.6,3,24,5.77,6.8,6.38,8.00,7.54,9.8,ATL_TAM_2020-12-20
MIN,2020-11-29,34,Sun,11,12,,CAR,W 28-27,34,45,11,75.6,291,3,0,6.7,0.0,115.7,2,16,4.26,6.5,6.19,7.80,7.47,8.6,MIN_CAR_2020-11-29
ARI,2020-10-25,34,Sun,7,7,,SEA,W 37-34 (OT),34,48,14,70.8,360,3,1,6.3,2.1,104.5,0,0,0.00,7.5,7.50,7.81,7.81,10.6,ARI_SEA_2020-10-25
DAL,2020-10-19,34,Mon,6,6,,ARI,L 10-38,34,54,20,63.0,247,1,2,1.9,3.7,65.8,3,19,5.26,4.6,4.33,3.28,3.11,7.3,DAL_ARI_2020-10-19
DAL,2020-09-20,34,Sun,2,2,,ATL,W 40-39,34,49,15,69.4,445,1,0,2.0,0.0,105.0,1,5,2.00,9.1,8.90,9.49,9.30,13.1,DAL_ATL_2020-09-20
LAR,2019-12-15,34,Sun,14,15,@,DAL,L 21-44,34,52,18,65.4,267,2,1,3.8,1.9,84.5,2,22,3.70,5.1,4.94,5.04,4.85,7.9,LAR_DAL_2019-12-15
SFO,2019-11-17,34,Sun,10,11,,ARI,W 36-26,34,45,11,75.6,408,4,2,8.9,4.4,115.4,2,16,4.26,9.1,8.68,8.84,8.47,12.0,SFO_ARI_2019-11-17
NOR,2019-10-27,34,Sun,8,8,,ARI,W 31-9,34,43,9,79.1,373,3,1,7.0,2.3,116.4,0,0,0.00,8.7,8.67,9.02,9.02,11.0,NOR_ARI_2019-10-27
CHI,2019-10-20,34,Sun,6,7,,NOR,L 25-36,34,54,20,63.0,235,2,0,3.7,0.0,86.3,2,16,3.57,4.4,4.20,5.09,4.91,6.9,CHI_NOR_2019-10-20
GNB,2019-09-26,34,Thu,4,4,,PHI,L 27-34,34,53,19,64.2,414,2,1,3.8,1.9,93.4,1,8,1.85,7.8,7.67,7.72,7.57,12.2,GNB_PHI_2019-09-26
TAM,2018-12-23,34,Sun,15,16,@,DAL,L 20-27,34,48,14,70.8,320,1,0,2.1,0.0,97.2,3,16,5.88,6.7,6.27,7.08,6.67,9.4,TAM_DAL_2018-12-23
SFO,2018-10-07,34,Sun,5,5,,ARI,L 18-28,34,54,20,63.0,300,2,2,3.7,3.7,78.4,4,49,6.90,5.6,5.17,4.63,4.31,8.8,SFO_ARI_2018-10-07
NWE,2018-10-04,34,Thu,5,5,,IND,W 38-24,34,44,10,77.3,341,3,2,6.8,4.5,102.6,0,0,0.00,7.8,7.75,7.07,7.07,10.0,NWE_IND_2018-10-04
DET,2018-09-16,34,Sun,2,2,@,SFO,L 27-30,34,53,19,64.2,329,3,0,5.7,0.0,101.7,2,18,3.64,6.2,5.98,7.34,7.07,9.7,DET_SFO_2018-09-16
LAC,2018-09-09,34,Sun,1,1,,KAN,L 28-38,34,51,17,66.7,418,3,1,5.9,2.0,103.7,1,6,1.92,8.2,8.04,8.49,8.33,12.3,LAC_KAN_2018-09-09
LAC,2022-10-23,33,Sun,7,7,,SEA,L 23-37,33,51,18,64.7,276,2,1,3.9,2.0,84.8,3,17,5.56,5.4,5.11,5.31,5.02,8.4,LAC_SEA_2022-10-23
IND,2022-10-23,33,Sun,7,7,@,TEN,L 10-19,33,44,11,75.0,227,1,2,2.3,4.5,76.2,3,16,6.38,5.2,4.83,3.57,3.34,6.9,IND_TEN_2022-10-23
MIN,2022-10-09,33,Sun,5,5,,CHI,W 29-22,33,42,9,78.6,312,1,1,2.4,2.4,96.3,1,7,2.33,7.4,7.26,6.83,6.67,9.5,MIN_CHI_2022-10-09
LAC,2022-09-15,33,Thu,2,2,@,KAN,L 24-27,33,48,15,68.8,326,3,1,6.3,2.1,100.5,2,8,4.00,6.8,6.52,7.10,6.82,9.9,LAC_KAN_2022-09-15
CIN,2022-09-11,33,Sun,1,1,,PIT,L 20-23 (OT),33,53,20,62.3,299,2,4,3.8,7.5,61.7,7,39,11.67,5.6,4.98,3.00,2.65,9.1,CIN_PIT_2022-09-11
CHI,2022-01-09,33,Sun,17,18,@,MIN,L 17-31,33,48,15,68.8,266,1,2,2.1,4.2,77.2,7,59,12.73,5.5,4.84,4.08,3.56,8.1,CHI_MIN_2022-01-09
LVR,2021-12-12,33,Sun,13,14,@,KAN,L 9-48,33,45,12,73.3,246,1,1,2.2,2.2,85.7,4,17,8.16,5.5,5.02,4.91,4.51,7.5,LVR_KAN_2021-12-12
HOU,2021-12-12,33,Sun,13,14,,SEA,L 13-33,33,49,16,67.3,317,1,0,2.0,0.0,93.2,2,14,3.92,6.5,6.22,6.88,6.61,9.6,HOU_SEA_2021-12-12
MIN,2021-10-17,33,Sun,6,6,@,CAR,W 34-28 (OT),33,48,15,68.8,373,3,0,6.3,0.0,112.6,0,0,0.00,7.8,7.77,9.02,9.02,11.3,MIN_CAR_2021-10-17
ATL,2021-10-10,33,Sun,5,5,,NYJ,W 27-20,33,46,13,71.7,342,2,0,4.3,0.0,107.3,0,0,0.00,7.4,7.43,8.30,8.30,10.4,ATL_NYJ_2021-10-10
TAM,2021-10-10,33,Sun,5,5,,MIA,W 45-17,33,44,11,75.0,437,5,0,11.4,0.0,145.3,2,15,4.35,9.9,9.50,12.20,11.67,13.2,TAM_MIA_2021-10-10
KAN,2021-10-10,33,Sun,5,5,,BUF,L 20-38,33,54,21,61.1,272,2,2,3.7,3.7,70.9,2,0,3.57,5.0,4.86,4.11,3.96,8.2,KAN_BUF_2021-10-10
NWE,2021-10-03,33,Sun,4,4,,TAM,L 17-19,33,42,9,78.6,295,2,1,4.8,2.4,104.4,4,25,8.70,7.0,6.41,6.90,6.30,8.9,NWE_TAM_2021-10-03
BUF,2021-09-26,33,Sun,3,3,,WAS,W 43-21,33,44,11,75.0,359,4,0,9.1,0.0,128.9,0,0,0.00,8.2,8.16,9.98,9.98,10.9,BUF_WAS_2021-09-26
CHI,2021-01-03,33,Sun,16,17,,GNB,L 16-35,33,42,9,78.6,248,0,1,0.0,2.4,81.7,1,4,2.33,5.9,5.77,4.83,4.72,7.5,CHI_GNB_2021-01-03
HOU,2020-12-20,33,Sun,14,15,@,IND,L 20-27,33,41,8,80.5,342,2,0,4.9,0.0,120.8,5,31,10.87,8.3,7.43,9.32,8.30,10.4,HOU_IND_2020-12-20
PIT,2020-12-07,33,Mon,12,13,,WAS,L 17-23,33,53,20,62.3,305,2,1,3.8,1.9,82.7,0,0,0.00,5.8,5.75,5.66,5.66,9.2,PIT_WAS_2020-12-07
BUF,2020-11-15,33,Sun,10,10,@,ARI,L 30-32,33,50,17,66.0,296,3,2,6.0,4.0,85.1,0,0,0.00,5.9,5.92,5.32,5.32,9.0,BUF_ARI_2020-11-15
TAM,2020-10-25,33,Sun,7,7,@,LVR,W 45-20,33,45,12,73.3,369,4,0,8.9,0.0,127.0,0,0,0.00,8.2,8.20,9.98,9.98,11.2,TAM_LVR_2020-10-25
SEA,2020-10-25,33,Sun,6,7,@,ARI,L 34-37 (OT),33,50,17,66.0,372,3,3,6.0,6.0,84.4,2,16,3.85,7.4,7.15,5.94,5.71,11.3,SEA_ARI_2020-10-25
NOR,2020-10-12,33,Mon,5,5,,LAC,W 30-27 (OT),33,48,15,68.8,313,1,1,2.1,2.1,85.9,2,12,4.00,6.5,6.26,6.00,5.76,9.5,NOR_LAC_2020-10-12
CAR,2020-09-20,33,Sun,2,2,@,TAM,L 17-31,33,42,9,78.6,340,0,2,0.0,4.8,83.2,5,27,10.64,8.1,7.23,5.95,5.32,10.3,CAR_TAM_2020-09-20
BUF,2020-09-13,33,Sun,1,1,,NYJ,W 27-17,33,46,13,71.7,306,2,0,4.3,0.0,104.6,3,6,6.12,6.7,6.24,7.52,7.06,9.3,BUF_NYJ_2020-09-13
CIN,2019-12-22,33,Sun,15,16,@,MIA,L 35-38 (OT),33,56,23,58.9,371,4,0,7.1,0.0,104.5,4,25,6.67,6.6,6.18,8.05,7.52,11.2,CIN_MIA_2019-12-22
PHI,2019-12-09,33,Mon,13,14,,NYG,W 23-17 (OT),33,50,17,66.0,300,2,0,4.0,0.0,97.5,3,25,5.66,6.0,5.66,6.80,6.42,9.1,PHI_NYG_2019-12-09
LAR,2019-12-01,33,Sun,12,13,@,ARI,W 34-7,33,45,12,73.3,417,2,0,4.4,0.0,117.5,1,10,2.17,9.3,9.07,10.16,9.93,12.6,LAR_ARI_2019-12-01
PHI,2019-11-24,33,Sun,11,12,,SEA,L 9-17,33,45,12,73.3,238,1,2,2.2,4.4,75.8,3,18,6.25,5.3,4.96,3.73,3.50,7.2,PHI_SEA_2019-11-24
JAX,2019-11-17,33,Sun,10,11,@,IND,L 13-33,33,47,14,70.2,279,2,1,4.3,2.1,92.2,2,17,4.08,5.9,5.69,5.83,5.59,8.5,JAX_IND_2019-11-17
NOR,2019-11-10,33,Sun,9,10,,ATL,L 9-26,33,46,13,71.7,258,0,0,0.0,0.0,89.4,6,46,11.54,5.6,4.96,5.61,4.96,7.8,NOR_ATL_2019-11-10
ATL,2019-09-08,33,Sun,1,1,@,MIN,L 12-28,33,46,13,71.7,272,2,2,4.3,4.3,85.8,4,32,8.00,5.9,5.44,4.83,4.44,8.2,ATL_MIN_2019-09-08
NYG,2019-09-08,33,Sun,1,1,@,DAL,L 17-35,33,48,15,68.8,319,1,0,2.1,0.0,94.4,1,4,2.04,6.6,6.51,7.06,6.92,9.7,NYG_DAL_2019-09-08
PIT,2018-12-23,33,Sun,15,16,@,NOR,L 28-31,33,50,17,66.0,364,3,0,6.0,0.0,108.7,3,16,5.66,7.3,6.87,8.48,8.00,11.0,PIT_NOR_2018-12-23
IND,2018-12-02,33,Sun,12,13,@,JAX,L 0-6,33,52,19,63.5,224,0,1,0.0,1.9,66.8,3,24,5.45,4.3,4.07,3.44,3.25,6.8,IND_JAX_2018-12-02
KAN,2018-11-19,33,Mon,11,11,@,LAR,L 51-54,33,46,13,71.7,448,6,3,13.0,6.5,117.6,3,30,6.12,9.7,9.14,9.41,8.84,13.6,KAN_LAR_2018-11-19
JAX,2018-10-07,33,Sun,5,5,@,KAN,L 14-30,33,61,28,54.1,401,1,4,1.6,6.6,54.7,5,29,7.58,6.6,6.08,3.95,3.65,12.2,JAX_KAN_2018-10-07
HOU,2018-10-07,33,Sun,5,5,,DAL,W 19-16 (OT),33,44,11,75.0,374,1,1,2.3,2.3,98.2,1,1,2.22,8.5,8.31,7.93,7.76,11.3,HOU_DAL_2018-10-07
PHI,2018-09-30,33,Sun,4,4,@,TEN,L 23-26 (OT),33,50,17,66.0,315,2,0,4.0,0.0,99.4,4,33,7.41,6.3,5.83,7.10,6.57,9.5,PHI_TEN_2018-09-30
NYG,2018-09-16,33,Sun,2,2,@,DAL,L 13-20,33,44,11,75.0,220,1,0,2.3,0.0,98.6,6,59,12.00,5.0,4.40,5.45,4.80,6.7,NYG_DAL_2018-09-16
WAS,2018-09-16,33,Sun,2,2,,IND,L 9-21,33,46,13,71.7,269,0,0,0.0,0.0,88.3,3,23,6.12,5.8,5.49,5.85,5.49,8.2,WAS_IND_2018-09-16
TAM,2022-12-25,32,Sun,15,16,@,ARI,W 19-16 (OT),32,48,16,66.7,281,1,2,2.1,4.2,71.6,0,0,0.00,5.9,5.85,4.40,4.40,8.8,TAM_ARI_2022-12-25
PIT,2022-10-23,32,Sun,7,7,@,MIA,L 10-16,32,44,12,72.7,246,1,3,2.3,6.8,66.2,2,11,4.35,5.6,5.35,2.98,2.85,7.7,PIT_MIA_2022-10-23
TAM,2022-10-23,32,Sun,7,7,@,CAR,L 3-21,32,49,17,65.3,276,0,0,0.0,0.0,81.2,1,14,2.00,5.6,5.52,5.63,5.52,8.6,TAM_CAR_2022-10-23
NOR,2022-10-20,32,Thu,7,7,@,ARI,L 34-42,32,49,17,65.3,409,4,3,8.2,6.1,93.0,0,0,0.00,8.3,8.35,7.22,7.22,12.8,NOR_ARI_2022-10-20
LAR,2022-10-03,32,Mon,4,4,@,SFO,L 9-24,32,48,16,66.7,200,0,1,0.0,2.1,71.0,7,54,12.73,4.2,3.64,3.23,2.82,6.3,LAR_SFO_2022-10-03
SEA,2022-09-25,32,Sun,3,3,,ATL,L 23-27,32,44,12,72.7,308,2,1,4.5,2.3,99.1,2,17,4.35,7.0,6.70,6.89,6.59,9.6,SEA_ATL_2022-09-25
IND,2022-09-11,32,Sun,1,1,@,HOU,T 20-20 (OT),32,50,18,64.0,340,1,1,2.0,2.0,83.1,2,12,3.85,6.8,6.54,6.30,6.06,10.6,IND_HOU_2022-09-11
ARI,2021-12-13,32,Mon,13,14,,LAR,L 23-30,32,49,17,65.3,344,0,2,0.0,4.1,72.1,4,39,7.55,7.0,6.49,5.18,4.79,10.8,ARI_LAR_2021-12-13
DAL,2021-11-25,32,Thu,11,12,,LVR,L 33-36 (OT),32,47,15,68.1,373,2,0,4.3,0.0,106.2,1,2,2.08,7.9,7.77,8.79,8.60,11.7,DAL_LVR_2021-11-25
TAM,2021-11-22,32,Mon,10,11,,NYG,W 30-10,32,48,16,66.7,308,2,1,4.2,2.1,90.5,1,10,2.04,6.4,6.29,6.31,6.18,9.6,TAM_NYG_2021-11-22
LAC,2021-11-07,32,Sun,8,9,@,PHI,W 27-24,32,38,6,84.2,356,2,0,5.3,0.0,123.2,0,0,0.00,9.4,9.37,10.42,10.42,11.1,LAC_PHI_2021-11-07
JAX,2021-10-31,32,Sun,7,8,@,SEA,L 7-31,32,54,22,59.3,227,1,1,1.9,1.9,68.3,1,11,1.82,4.2,4.13,3.74,3.67,7.1,JAX_SEA_2021-10-31
MIA,2021-10-24,32,Sun,7,7,,ATL,L 28-30,32,40,8,80.0,281,4,2,10.0,5.0,109.5,1,10,2.44,7.0,6.85,6.78,6.61,8.8,MIA_ATL_2021-10-24
KAN,2021-10-17,32,Sun,6,6,@,WAS,W 31-13,32,47,15,68.1,390,2,2,4.3,4.3,90.5,3,7,6.00,8.3,7.80,7.23,6.80,12.2,KAN_WAS_2021-10-17
PHI,2021-10-03,32,Sun,4,4,,KAN,L 30-42,32,48,16,66.7,358,2,0,4.2,0.0,105.1,3,29,5.88,7.5,7.02,8.29,7.80,11.2,PHI_KAN_2021-10-03
MIA,2021-09-26,32,Sun,3,3,@,LVR,L 28-31 (OT),32,49,17,65.3,197,0,0,0.0,0.0,74.8,2,18,3.92,4.0,3.86,4.02,3.86,6.2,MIA_LVR_2021-09-26
TAM,2021-09-09,32,Thu,1,1,,DAL,W 31-29,32,50,18,64.0,379,4,2,8.0,4.0,97.0,0,0,0.00,7.6,7.58,7.38,7.38,11.8,TAM_DAL_2021-09-09
LVR,2020-12-13,32,Sun,13,14,,IND,L 27-44,32,46,14,69.6,345,2,2,4.3,4.3,87.7,0,0,0.00,7.5,7.50,6.41,6.41,10.8,LVR_IND_2020-12-13
BUF,2020-12-07,32,Mon,12,13,@,SFO,W 34-24,32,40,8,80.0,368,4,0,10.0,0.0,139.1,1,7,2.44,9.2,8.98,11.20,10.93,11.5,BUF_SFO_2020-12-07
PIT,2020-11-22,32,Sun,10,11,@,JAX,W 27-3,32,46,14,69.6,267,2,1,4.3,2.2,89.7,0,0,0.00,5.8,5.80,5.70,5.70,8.3,PIT_JAX_2020-11-22
PIT,2020-10-25,32,Sun,6,7,@,TEN,W 27-24,32,49,17,65.3,268,2,3,4.1,6.1,67.4,0,0,0.00,5.5,5.47,3.53,3.53,8.4,PIT_TEN_2020-10-25
LVR,2020-10-04,32,Sun,4,4,,BUF,L 23-30,32,44,12,72.7,297,2,0,4.5,0.0,107.3,2,14,4.35,6.8,6.46,7.66,7.33,9.3,LVR_BUF_2020-10-04
SFO,2020-10-04,32,Sun,4,4,,PHI,L 20-25,32,45,13,71.1,301,1,2,2.2,4.4,81.5,5,37,10.00,6.7,6.02,5.13,4.62,9.4,SFO_PHI_2020-10-04
WAS,2020-10-04,32,Sun,4,4,,BAL,L 17-31,32,45,13,71.1,274,0,0,0.0,0.0,90.4,3,40,6.25,6.1,5.71,6.09,5.71,8.6,WAS_BAL_2020-10-04
GNB,2020-09-13,32,Sun,1,1,@,MIN,W 43-34,32,44,12,72.7,364,4,0,9.1,0.0,127.5,0,0,0.00,8.3,8.27,10.09,10.09,11.4,GNB_MIN_2020-09-13
ATL,2019-12-22,32,Sun,15,16,,JAX,W 24-12,32,45,13,71.1,383,1,2,2.2,4.4,85.8,1,1,2.17,8.5,8.33,6.96,6.80,12.0,ATL_JAX_2019-12-22
DAL,2019-11-28,32,Thu,12,13,,BUF,L 15-26,32,49,17,65.3,323,2,1,4.1,2.0,91.8,4,32,7.55,6.6,6.09,6.49,6.00,10.1,DAL_BUF_2019-11-28
JAX,2019-11-24,32,Sun,11,12,@,TEN,L 20-42,32,48,16,66.7,252,0,0,0.0,0.0,81.2,3,20,5.88,5.3,4.94,5.25,4.94,7.9,JAX_TEN_2019-11-24
MIA,2019-11-17,32,Sun,10,11,,BUF,L 20-37,32,45,13,71.1,280,0,0,0.0,0.0,91.2,7,43,13.46,6.2,5.38,6.22,5.38,8.8,MIA_BUF_2019-11-17
CIN,2019-10-27,32,Sun,8,8,@,LAR,L 10-24,32,52,20,61.5,297,1,0,1.9,0.0,86.1,5,32,8.77,5.7,5.21,6.10,5.56,9.3,CIN_LAR_2019-10-27
ATL,2019-10-06,32,Sun,5,5,@,HOU,L 32-53,32,46,14,69.6,316,3,1,6.5,2.2,102.6,2,14,4.17,6.9,6.58,7.20,6.90,9.9,ATL_HOU_2019-10-06
LAC,2019-10-06,32,Sun,5,5,,DEN,L 13-20,32,48,16,66.7,211,0,2,0.0,4.2,58.6,0,0,0.00,4.4,4.40,2.52,2.52,6.6,LAC_DEN_2019-10-06
SEA,2019-09-22,32,Sun,3,3,,NOR,L 27-33,32,50,18,64.0,406,2,0,4.0,0.0,102.6,0,0,0.00,8.1,8.12,8.92,8.92,12.7,SEA_NOR_2019-09-22
NOR,2019-09-09,32,Mon,1,1,,HOU,W 30-28,32,43,11,74.4,362,2,1,4.7,2.3,105.8,1,8,2.27,8.4,8.23,8.30,8.11,11.3,NOR_HOU_2019-09-09
ATL,2018-12-30,32,Sun,16,17,@,TAM,W 34-32,32,45,13,71.1,380,3,1,6.7,2.2,109.8,1,3,2.17,8.4,8.26,8.78,8.59,11.9,ATL_TAM_2018-12-30
MIN,2018-12-02,32,Sun,12,13,@,NWE,L 10-24,32,44,12,72.7,183,1,2,2.3,4.5,70.4,2,18,4.35,4.2,3.98,2.57,2.46,5.7,MIN_NWE_2018-12-02
PHI,2018-11-11,32,Sun,9,10,,DAL,L 20-27,32,44,12,72.7,350,2,1,4.5,2.3,102.5,2,10,4.35,8.0,7.61,7.84,7.50,10.9,PHI_DAL_2018-11-11
TAM,2018-10-21,32,Sun,6,7,,CLE,W 26-23 (OT),32,52,20,61.5,342,0,2,0.0,3.8,66.6,4,23,7.14,6.6,6.11,4.85,4.50,10.7,TAM_CLE_2018-10-21
PIT,2018-10-14,32,Sun,6,6,@,CIN,W 28-21,32,46,14,69.6,369,1,0,2.2,0.0,100.7,0,0,0.00,8.0,8.02,8.46,8.46,11.5,PIT_CIN_2018-10-14
GNB,2018-10-07,32,Sun,5,5,@,DET,L 23-31,32,52,20,61.5,423,3,0,5.8,0.0,108.0,4,19,7.14,8.1,7.55,9.29,8.63,13.2,GNB_DET_2018-10-07
CAR,2018-09-16,32,Sun,2,2,@,ATL,L 24-31,32,45,13,71.1,318,3,1,6.7,2.2,105.3,2,17,4.26,7.1,6.77,7.40,7.09,9.9,CAR_ATL_2018-09-16
BAL,2018-09-13,32,Thu,2,2,@,CIN,L 23-34,32,55,23,58.2,359,2,2,3.6,3.6,76.0,4,17,6.78,6.5,6.08,5.62,5.24,11.2,BAL_CIN_2018-09-13
SEA,2022-12-15,31,Thu,14,15,,SFO,L 13-21,31,44,13,70.5,207,1,0,2.3,0.0,90.9,3,31,6.38,4.7,4.40,5.16,4.83,6.7,SEA_SFO_2022-12-15
MIN,2022-12-11,31,Sun,13,14,@,DET,L 23-34,31,41,10,75.6,394,2,0,4.9,0.0,124.5,4,31,8.89,9.6,8.76,10.59,9.64,12.7,MIN_DET_2022-12-11
NYJ,2022-12-04,31,Sun,12,13,@,MIN,L 22-27,31,58,27,53.4,366,0,2,0.0,3.4,58.8,1,3,1.69,6.3,6.20,4.76,4.68,11.8,NYJ_MIN_2022-12-04
DET,2022-12-04,31,Sun,12,13,,JAX,W 40-14,31,41,10,75.6,337,2,0,4.9,0.0,115.9,2,3,4.65,8.2,7.84,9.20,8.77,10.9,DET_JAX_2022-12-04
MIN,2022-11-24,31,Thu,11,12,,NWE,W 33-26,31,38,7,81.6,301,3,1,7.9,2.6,116.0,1,9,2.56,7.9,7.72,8.32,8.10,9.7,MIN_NWE_2022-11-24
ARI,2022-10-30,31,Sun,8,8,@,MIN,L 26-34,31,44,13,70.5,297,3,2,6.8,4.5,95.5,4,29,8.33,6.8,6.19,6.07,5.56,9.6,ARI_MIN_2022-10-30
TAM,2022-09-25,31,Sun,3,3,,GNB,L 12-14,31,42,11,73.8,251,1,0,2.4,0.0,98.4,3,20,6.67,6.0,5.58,6.45,6.02,8.1,TAM_GNB_2022-09-25
ARI,2022-09-18,31,Sun,2,2,@,LVR,W 29-23 (OT),31,49,18,63.3,270,1,1,2.0,2.0,76.7,1,7,2.00,5.5,5.40,5.00,4.90,8.7,ARI_LVR_2022-09-18
