,game_id,season,week,home_team,away_team,home_score,score_diff,score_total,away_score,home_team_win,ewma_dynamic_window_rushing_offense_home,ewma_dynamic_window_passing_offense_home,ewma_dynamic_window_rushing_defense_home,ewma_dynamic_window_passing_defense_home,ewma_dynamic_window_rushing_offense_away,ewma_dynamic_window_passing_offense_away,ewma_dynamic_window_rushing_defense_away,ewma_dynamic_window_passing_defense_away
0,2022_01_BAL_NYJ,2022,1,NYJ,BAL,9,-15,33,24,0,,,,,,,,
1,2022_01_BUF_LA,2022,1,LA,BUF,10,-21,41,31,0,,,,,,,,
2,2022_01_CLE_CAR,2022,1,CAR,CLE,24,-2,50,26,0,,,,,,,,
3,2022_01_DEN_SEA,2022,1,SEA,DEN,17,1,33,16,1,,,,,,,,
4,2022_01_GB_MIN,2022,1,MIN,GB,23,16,30,7,1,,,,,,,,
5,2022_01_IND_HOU,2022,1,HOU,IND,20,0,40,20,0,,,,,,,,
6,2022_01_JAX_WAS,2022,1,WAS,JAX,28,6,50,22,1,,,,,,,,
7,2022_01_KC_ARI,2022,1,ARI,KC,21,-23,65,44,0,,,,,,,,
8,2022_01_LV_LAC,2022,1,LAC,LV,24,5,43,19,1,,,,,,,,
9,2022_01_NE_MIA,2022,1,MIA,NE,20,13,27,7,1,,,,,,,,
10,2022_01_NO_ATL,2022,1,ATL,NO,26,-1,53,27,0,,,,,,,,
11,2022_01_NYG_TEN,2022,1,TEN,NYG,20,-1,41,21,0,,,,,,,,
12,2022_01_PHI_DET,2022,1,DET,PHI,35,-3,73,38,0,,,,,,,,
13,2022_01_PIT_CIN,2022,1,CIN,PIT,20,-3,43,23,0,,,,,,,,
14,2022_01_SF_CHI,2022,1,CHI,SF,19,9,29,10,1,,,,,,,,
15,2022_01_TB_DAL,2022,1,DAL,TB,3,-16,22,19,0,,,,,,,,
16,2022_02_ARI_LV,2022,2,LV,ARI,23,-6,52,29,0,-0.050536639988422394,-0.16585278511047363,-0.40505450963974,0.43951669335365295,0.07315179705619812,-0.026935221627354622,-0.038832880556583405,0.7409518957138062
17,2022_02_ATL_LA,2022,2,LA,ATL,31,4,58,27,1,-0.07045029103755951,-0.3488636016845703,-0.14606598019599915,0.41352903842926025,-0.018632253631949425,-0.02647269517183304,0.29321035742759705,-0.026353340595960617
18,2022_02_CAR_NYG,2022,2,NYG,CAR,19,3,35,16,1,0.2413560003042221,-0.2530284821987152,-0.228998601436615,0.22997282445430756,0.12587563693523407,-0.05221361294388771,0.21646186709403992,-0.20991191267967224
19,2022_02_CHI_GB,2022,2,GB,CHI,27,17,37,10,1,0.0359586700797081,-0.2776080369949341,-0.051046404987573624,0.28097572922706604,-0.10073714703321457,-0.08924662321805954,-0.05132433772087097,-0.30407804250717163
20,2022_02_CIN_DAL,2022,2,DAL,CIN,20,3,37,17,1,-0.08615425229072571,-0.43572455644607544,-0.05052437633275986,0.03623632341623306,-0.13388872146606445,-0.2643555700778961,-0.10479670017957687,-0.14422082901000977
21,2022_02_HOU_DEN,2022,2,DEN,HOU,16,7,25,9,1,-0.48920106887817383,0.3445883095264435,-0.12313901633024216,0.07392451167106628,-0.18938612937927246,-0.16162094473838806,-0.10040038079023361,0.0577843151986599
22,2022_02_IND_JAX,2022,2,JAX,IND,24,24,24,0,1,0.2388148307800293,-0.018325652927160263,-0.19164560735225677,0.196587473154068,-0.10040038079023361,0.0577843151986599,-0.18938612937927246,-0.16162094473838806
23,2022_02_LAC_KC,2022,2,KC,LAC,27,3,51,24,1,-0.038832880556583405,0.7409518957138062,0.07315179705619812,-0.026935221627354622,-0.40505450963974,0.43951669335365295,-0.050536639988422394,-0.16585278511047363
24,2022_02_MIA_BAL,2022,2,BAL,MIA,38,-4,80,42,0,-0.183647021651268,0.13248911499977112,-0.23527759313583374,-0.1919688731431961,-0.34566500782966614,0.1626758575439453,-0.2108789086341858,-0.26347240805625916
25,2022_02_MIN_PHI,2022,2,PHI,MIN,24,17,31,7,1,0.37406125664711,0.10849466919898987,0.36467427015304565,-0.05558094382286072,-0.051046404987573624,0.28097572922706604,0.0359586700797081,-0.2776080369949341
26,2022_02_NE_PIT,2022,2,PIT,NE,14,-3,31,17,0,-0.10479670017957687,-0.14422082901000977,-0.13388872146606445,-0.2643555700778961,-0.2108789086341858,-0.26347240805625916,-0.34566500782966614,0.1626758575439453
27,2022_02_NYJ_CLE,2022,2,CLE,NYJ,30,-1,61,31,0,0.21646186709403992,-0.20991191267967224,0.12587563693523407,-0.05221361294388771,-0.23527759313583374,-0.1919688731431961,-0.183647021651268,0.13248911499977112
28,2022_02_SEA_SF,2022,2,SF,SEA,27,20,34,7,1,-0.05132433772087097,-0.30407804250717163,-0.10073714703321457,-0.08924662321805954,-0.12313901633024216,0.07392451167106628,-0.48920106887817383,0.3445883095264435
29,2022_02_TB_NO,2022,2,NO,TB,10,-10,30,20,0,0.29321035742759705,-0.026353340595960617,-0.018632253631949425,-0.02647269517183304,-0.05052437633275986,0.03623632341623306,-0.08615425229072571,-0.43572455644607544
30,2022_02_TEN_BUF,2022,2,BUF,TEN,41,34,48,7,1,-0.14606598019599915,0.41352903842926025,-0.07045029103755951,-0.3488636016845703,-0.228998601436615,0.22997282445430756,0.2413560003042221,-0.2530284821987152
31,2022_02_WAS_DET,2022,2,DET,WAS,36,9,63,27,1,0.36467427015304565,-0.05558094382286072,0.37406125664711,0.10849466919898987,-0.19164560735225677,0.196587473154068,0.2388148307800293,-0.018325652927160263
32,2022_03_ATL_SEA,2022,3,SEA,ATL,23,-4,50,27,0,-0.20449986271560194,-0.17981731295585635,-0.21571788694709537,0.19050792194902896,-0.14998641489073633,-0.04247785750776529,0.11793987769633531,0.008642802760004998
33,2022_03_BAL_NE,2022,3,NE,BAL,26,-11,63,37,0,-0.09241068856790662,-0.03725798800587653,-0.12851893492043018,0.0022309295833110782,-0.15729081481695176,0.3977852985262871,0.0175518274307251,0.2036415956914425
34,2022_03_BUF_MIA,2022,3,MIA,BUF,21,2,40,19,1,-0.03212250918149947,0.3632317245006561,-0.16954516395926475,0.21960261315107346,-0.17702688202261926,0.37832264006137845,-0.16775206029415132,-0.44202168881893156
35,2022_03_CIN_NYJ,2022,3,NYJ,CIN,12,-15,39,27,0,-0.06071735359728336,0.10265260860323906,-0.008987733721733091,0.3317098140716553,-0.015634240582585328,-0.10706596607342361,-0.10449510477483273,-0.016938520222902296
36,2022_03_DAL_NYG,2022,3,NYG,DAL,16,-7,39,23,0,-0.02113294750452043,-0.1534422565251589,0.07850620299577714,-0.07708511278033257,-0.0961060032248497,-0.14811519756913183,0.021879714727401734,0.028200385998934506
37,2022_03_DET_MIN,2022,3,MIN,DET,28,4,52,24,1,0.04739025738090277,-0.03411671221256257,0.09598487578332425,0.0667707160115242,0.16838524118065834,-0.006868372671306131,0.2023168049752712,0.07421678137034178
38,2022_03_GB_TB,2022,3,TB,GB,12,-2,26,14,0,-0.3996630948036909,0.05447173416614532,-0.19756914079189303,-0.446545372903347,0.014674791262950746,0.10159921348094941,0.04397020917385817,-0.12593589425086976
39,2022_03_HOU_CHI,2022,3,CHI,HOU,23,3,43,20,1,0.021609375253319744,-0.29253595285117623,-0.02460256224730983,0.08968771100044252,-0.0573715440928936,-0.22639310956001282,-0.10708782114088536,0.031016011675819754
40,2022_03_JAX_LAC,2022,3,LAC,JAX,10,-28,48,38,0,-0.145931563898921,0.1876416303217411,-0.10298124887049198,-0.0006437323987483923,-0.044692914187908175,0.31363359112292527,-0.11295025926083326,-0.2313086733222008
41,2022_03_KC_IND,2022,3,IND,KC,20,3,37,17,1,-0.07188990730792284,-0.2937700944021344,-0.23738334625959398,0.24915070980787277,-0.09771455712616445,0.4074183739721775,0.06926127411425113,-0.022261731419712306
42,2022_03_LA_ARI,2022,3,ARI,LA,12,-8,32,20,0,0.22990004122257232,-0.0969364651478827,-0.04924413841217756,0.28298388980329037,-0.04570741411298513,-0.13648681472986934,-0.20733159184455874,0.15552292261272666
43,2022_03_LV_TEN,2022,3,TEN,LV,24,2,46,22,1,-0.23909879997372627,-0.18154529705643657,-0.0026869907975196976,0.07837175577878953,-0.054510830156505104,-0.12507821656763554,0.014707203209400194,0.11296689659357072
44,2022_03_NO_CAR,2022,3,CAR,NO,22,8,36,14,1,0.2381996102631092,-0.20406900960952046,-0.03233530744910241,-0.13403980024158954,-0.026855066418647777,-0.26232832577079535,-0.3853116395883262,0.026252675801515583
45,2022_03_PHI_WAS,2022,3,WAS,PHI,8,-16,32,24,0,-0.052251283824443814,0.11385854315012693,0.11174849346280098,0.009896508231759072,0.24813103973865508,0.24051693379878997,0.23446456119418144,-0.18556721508502963
46,2022_03_PIT_CLE,2022,3,CLE,PIT,29,12,46,17,1,0.17106126621365547,0.17762935161590576,0.10180159993469715,0.16554247569292785,-0.020128196477890013,-0.1358725793659687,-0.05776510434225201,-0.03765541091561316
47,2022_03_SF_DEN,2022,3,DEN,SF,11,1,21,10,1,-0.2820481307804585,0.16007780912332234,-0.02756034322082996,-0.12039765417575836,-0.018673357926309107,-0.10139193646609782,-0.1944190215319395,-0.25324432365596294
48,2022_04_ARI_CAR,2022,4,CAR,ARI,16,-10,42,26,0,0.10231870254408877,-0.19072579457563818,-0.2360281492289515,-0.004303040719309512,0.1733162987024285,-0.09044561783266425,-0.08379839621855571,0.32545741786097376
49,2022_04_BUF_BAL,2022,4,BAL,BUF,20,-3,43,23,0,0.07686011121914632,0.25481234213640525,0.0739504839494775,0.07550336380931627,-0.048117363324197034,0.2637055799414549,-0.1376250043907435,-0.1400022485921549
50,2022_04_CHI_NYG,2022,4,NYG,CHI,20,8,32,12,1,0.101726592478166,-0.2036316109901647,0.12055150758586453,-0.0021751722277596965,0.06970396145336652,-0.31609473481427786,-0.009216717420381017,-0.01627501107727569
51,2022_04_CLE_ATL,2022,4,ATL,CLE,23,3,43,20,1,-0.06783182423351411,0.2355729408215645,0.09487999172454259,0.10900971330578542,0.17071012707049665,0.12395182795253307,0.17527484322010084,-0.0019103256100634022
52,2022_04_DEN_LV,2022,4,LV,DEN,32,9,55,23,1,-0.007356430666886292,-0.028378093188189197,-0.04832072947112428,0.24270605922141347,-0.2692622155743184,-0.028783183560344684,-0.154227908193273,-0.18448018285127177
53,2022_04_JAX_PHI,2022,4,PHI,JAX,29,8,50,21,1,-0.05786741017503201,0.3068080109813285,0.1104133986307933,-0.27509871283638915,-0.011650136625548929,0.33555484967819876,-0.26099029805919655,-0.21748026136148016
54,2022_04_KC_TB,2022,4,TB,KC,31,-10,72,41,0,-0.36151146292191405,-0.03528786438248087,-0.239364790163959,-0.2588793780914573,-0.09414416898128598,0.2880994984725385,-0.06127219389740416,-0.05194222506915414
55,2022_04_LAC_HOU,2022,4,HOU,LAC,24,-10,58,34,0,-0.02881278629813875,-0.20529344197721575,-0.007257817121241176,-0.12260851018019392,-0.28071333737765436,0.03305480394054489,-0.04650694806363891,0.14761492199081916
56,2022_04_LA_SF,2022,4,SF,LA,24,15,33,9,1,-0.14891343193741335,-0.17311463737705618,-0.21685942599048647,-0.27595256528882095,-0.0816834115878094,0.07461114936938319,-0.08815112306529106,0.06052677351919517
57,2022_04_MIA_CIN,2022,4,CIN,MIA,27,12,42,15,1,-0.12573112772647724,0.06131071000177402,-0.08196691620438994,-0.17838300150692266,-0.056517631632347035,0.34154464309397725,-0.043643246209898644,0.1687899492309735
58,2022_04_MIN_NO,2022,4,NO,MIN,25,-3,53,28,0,-0.23275092867917793,-0.0810204314012266,-0.2705451677989623,-0.052991896323191366,0.022600567444812425,-0.03369888722698555,0.0059747218442121625,0.11418419452600702
59,2022_04_NE_GB,2022,4,GB,NE,27,3,51,24,1,-0.11244150853647768,0.06891472672307215,-0.09621579941374518,-0.14317282489763938,0.008192168734348897,-0.0685561879033662,0.09406588657254794,0.018268201240273407
60,2022_04_NYJ_PIT,2022,4,PIT,NYJ,20,-4,44,24,0,0.1023600148006135,-0.18215853129312443,0.033870437037063605,-0.00478989050485366,-0.05578753011814779,-0.10686671184344942,-0.12175647246085133,0.32370154198221984
61,2022_04_SEA_DET,2022,4,DET,SEA,45,-3,93,48,0,0.04927062141736875,0.07014753019740415,0.11524767231852112,0.031085261759468887,-0.0979411154985428,-0.0036906881189821632,-0.10713968127718397,0.3748999850149963
62,2022_04_TEN_IND,2022,4,IND,TEN,17,-7,41,24,0,-0.14568153826946834,-0.2143060301749215,-0.17766703291489833,0.19345438368989779,-0.2000984057932597,0.06658581052705694,0.02363456961423455,0.09328634210203178
63,2022_04_WAS_DAL,2022,4,DAL,WAS,25,15,35,10,1,0.016132248051934858,-0.044651634892157926,0.12744845029127558,-0.09500810383289954,-0.06104458177901581,-0.0960401198718437,-0.13942507904431353,0.1688954641306123
64,2022_05_ATL_TB,2022,5,TB,ATL,21,6,36,15,1,-0.3099184480615624,0.03546170061915228,-0.06572079884238761,-0.10279125159255939,0.020804500133997903,0.07338589986343637,0.15455192468673137,0.0187255665973419
65,2022_05_CHI_MIN,2022,5,MIN,CHI,29,7,51,22,1,-0.023697778084638094,-0.007632851175558159,0.03608806905069269,0.1571973385012681,0.05166683735436584,-0.28067771137535275,0.04630458053670557,-0.06284921130183899
66,2022_05_CIN_BAL,2022,5,BAL,CIN,19,2,36,17,1,0.11777686407734261,0.07292339277665805,0.004208823828266399,0.0689462918364028,-0.18909960899059433,0.20458269925871037,-0.0701482389924476,-0.13063375877105807
67,2022_05_DAL_LA,2022,5,LA,DAL,10,-12,32,22,0,-0.11327781071886421,-0.026856161464964695,-0.0757049254685788,0.17126640921163527,-0.12651830113096404,-0.010576839028571785,0.0677676908146258,-0.19397778300301055
68,2022_05_DET_NE,2022,5,NE,DET,29,29,29,0,1,0.08728066355423393,-0.13670909153574173,0.11385023065169556,-0.02935411183550807,0.10767721015185414,0.14239523927266204,0.2086899643810005,0.251660135003858
69,2022_05_HOU_JAX,2022,5,JAX,HOU,6,-7,19,13,0,-0.11747269580915276,0.1165006451170412,-0.13693599942241708,-0.2880878416028353,0.10114274021090554,-0.2112702081920487,-0.06628035986888232,0.05549952180959322
70,2022_05_IND_DEN,2022,5,DEN,IND,9,-3,21,12,0,-0.3147885083377656,-0.031370600123225845,-0.07893807611769378,-0.1540181116468393,-0.2956212744789918,-0.07162142346640771,-0.10814227641532474,0.126217504170963
71,2022_05_LAC_CLE,2022,5,CLE,LAC,28,-2,58,30,0,0.2053994090065803,0.028744920205767487,0.1838183521468303,-0.08585721121658342,-0.24964446986260094,0.1598787094217421,0.08927801639339566,0.025370573488497486
72,2022_05_LV_KC,2022,5,KC,LV,30,1,59,29,1,0.031656097886290896,0.2639824554895853,-0.10859464118349377,0.024294209752766662,0.019545793342450175,-0.04934470548414358,-0.16663739797797533,0.15067503321731446
73,2022_05_MIA_NYJ,2022,5,NYJ,MIA,40,23,57,17,1,-0.035548417936517196,-0.0513078938413522,-0.07756299266642384,0.15789763997170592,-0.05308335980787725,0.21800089202692158,-0.1340560270528687,0.2766523178408642
74,2022_05_NYG_GB,2022,5,GB,NYG,22,-5,49,27,0,-0.024622178593440677,0.0046066400290715815,0.017270469070771857,-0.18674287114403035,0.1206970128424392,-0.18848015911471433,0.08576238252093443,-0.07018065814592757
75,2022_05_PHI_ARI,2022,5,ARI,PHI,17,-3,37,20,0,0.07105135226271825,-0.07542858748549208,-0.33860175825637023,0.10577140602255516,-0.0007330530664265793,0.06347080438148858,-0.035623656945432194,-0.2929697758859337
76,2022_05_PIT_BUF,2022,5,BUF,PIT,38,35,41,3,1,-0.07764310643519506,0.19514426300025514,-0.026044962206615657,-0.1918173810559334,0.07271709743043463,-0.18130407747950883,0.024571243702954996,0.017139162843364607
77,2022_05_SEA_NO,2022,5,NO,SEA,39,7,71,32,1,-0.12398811591660032,0.026303939581249332,-0.220265054514189,-0.020569673364078347,0.06573738363931085,0.22834131118684714,0.002797133419293903,0.3467453383075277
78,2022_05_SF_CAR,2022,5,CAR,SF,15,-22,52,37,0,-0.21380195119003265,-0.24035243617813334,-0.20343233819423925,-0.017666151495373778,-0.11644876079892019,0.014599433439866749,-0.20391935106957018,-0.2619247513186961
79,2022_05_TEN_WAS,2022,5,WAS,TEN,17,-4,38,21,0,-0.05862528539290375,-0.19466979573803525,-0.2308264197209979,0.1326160053409046,-0.12318351134786952,0.041146473305087784,-0.18208728035598407,0.13463296675593547
80,2022_06_ARI_SEA,2022,6,SEA,ARI,19,10,28,9,1,0.01682645045776712,0.18330324277431065,0.03350723338751865,0.2403628170292756,0.04928739396219208,-0.0129862665406278,-0.18722838774684009,0.10376966536633513
81,2022_06_BAL_NYG,2022,6,NYG,BAL,24,4,44,20,1,0.1064876314029175,0.0028790146285116837,0.077670704148572,-0.03028525711297966,0.11482026123056943,0.002635778626066395,0.045304881394457576,-0.003416791033375278
82,2022_06_BUF_KC,2022,6,KC,BUF,20,-4,44,24,0,0.008993650961243875,0.2729644798476746,-0.04574698639842559,0.07817704931804492,0.051579180247587196,0.24959561135387964,-0.12917023181271917,-0.14843123780278566
83,2022_06_CAR_LA,2022,6,LA,CAR,24,14,34,10,1,-0.18013111346444502,-0.09082463403096883,-0.04906431340478491,0.02135901347259084,-0.1470180591942151,-0.24235788624304846,-0.12343048578904414,0.10956765797973611
84,2022_06_CIN_NO,2022,6,NO,CIN,26,-4,56,30,0,-0.056881419106611146,0.011911428670469262,-0.18707246625487095,0.005847832129977179,-0.09250995786935638,0.09328209278998316,-0.01915665584198937,-0.14248565095913698
85,2022_06_DAL_PHI,2022,6,PHI,DAL,26,9,43,17,1,0.05364740136918413,0.07361241598555474,-0.02676412139649402,-0.16807729632906443,-0.08529055091158533,-0.10828198388067534,-0.05105885143511819,-0.20997018331673473
86,2022_06_DEN_LAC,2022,6,LAC,DEN,19,3,35,16,1,-0.04985327459488287,0.15027740721022304,0.10454641462150435,0.07708491562829317,-0.24023522899619482,-0.10918734298340006,-0.0964842122784783,-0.1789542971735225
87,2022_06_JAX_IND,2022,6,IND,JAX,34,7,61,27,1,-0.25096355763282024,-0.12021145718527732,-0.09291150999656833,0.003161502571328407,-0.08571260859498256,0.03552158936792144,-0.10631187385325509,-0.23431096924068046
88,2022_06_MIN_MIA,2022,6,MIA,MIN,16,-8,40,24,0,0.011431477720981825,0.012669053229771306,-0.0403166633696886,0.20819442285627743,-0.013510160495903754,0.08841644727538453,0.0065467923975164235,0.13739352143230266
89,2022_06_NE_CLE,2022,6,CLE,NE,15,-23,53,38,0,0.18733251362770803,0.0794905791768498,0.25917416032331325,-0.02491441401699831,0.04252275067608232,-0.007837581325927382,0.008895982152470063,-0.18150172603403583
90,2022_06_NYJ_GB,2022,6,GB,NYJ,10,-17,37,27,0,-0.001025451654621628,0.02303264178396293,0.03275203540405818,0.004117574472712187,0.029912090330641596,-0.025617331751777092,-0.006020718328835912,-0.030180189818946206
91,2022_06_SF_ATL,2022,6,ATL,SF,28,14,42,14,1,0.07573129305362672,0.039103730663016444,0.026950852850380857,0.08941120723005427,-0.061417527727559054,0.13257067102350673,-0.13997248478626204,-0.25773737641992467
92,2022_06_TB_PIT,2022,6,PIT,TB,20,2,38,18,1,-0.05876007341576327,-0.1409360177475162,0.12445057043646851,0.12269093415726508,-0.3041827083175954,0.1013428523553072,0.014045054141029372,-0.0864977521890846
93,2022_06_WAS_CHI,2022,6,CHI,WAS,7,-5,19,12,0,0.01765332002484836,-0.1747795107340065,0.03639642485481595,0.049051202394076884,-0.09698369783074308,-0.13420849715731065,-0.16881021515505842,0.0889618547988245
94,2022_07_ATL_CIN,2022,7,CIN,ATL,35,18,52,17,1,0.033408267845196654,0.13108277684344977,0.016359154542922683,-0.07943829002093561,0.06672068455944162,0.11350927638887963,-0.14957750285934635,0.08876703048801227
95,2022_07_CHI_NE,2022,7,NE,CHI,14,-19,47,33,0,0.048513113987571924,0.05486660764665274,-0.10296451531466448,-0.19467817421661185,0.05990086562424587,-0.24609316271179948,0.05538227604285878,-0.05278605502427433
96,2022_07_CLE_BAL,2022,7,BAL,CLE,23,3,43,20,1,0.17951263750696364,-0.010209683377729635,-0.038558320155816596,0.08285031293482824,0.029125885414164193,-0.00147458581783849,0.20889266901573986,0.04222521827030888
97,2022_07_DET_DAL,2022,7,DAL,DET,24,18,30,6,1,-0.02059770525129331,-0.13744971097359535,-0.07279998165739535,-0.1264340633669644,0.004495067947371463,-0.05905694247502593,0.12907874326566354,0.26904140294849554
98,2022_07_GB_WAS,2022,7,WAS,GB,23,2,44,21,1,-0.043354421589266764,-0.18844688047888009,-0.07813164867984378,-0.05085453991423278,-0.09473292532403299,-0.06966734715798595,0.051612552533986805,-0.04653976913348699
99,2022_07_HOU_LV,2022,7,LV,HOU,38,18,58,20,1,0.04560781447534791,0.025677863850817682,-0.1323751753289214,0.19218453683048342,0.06342093477927387,-0.17954558913409038,-0.0492161999993034,-0.007967770516371181
100,2022_07_IND_TEN,2022,7,TEN,IND,19,9,29,10,1,-0.09206865815721628,0.02375073766735063,-0.18500311189826332,0.10056039843847718,-0.20113719764154736,-0.015424632630661647,0.02051114682084735,0.005501214331276377
101,2022_07_KC_SF,2022,7,SF,KC,23,-21,67,44,0,-0.21499356259662922,0.12071649072793875,-0.09295737137467683,-0.10623194175296746,-0.015008867306320143,0.2285272320157333,-0.08517364932779471,0.12857154719719888
102,2022_07_NO_ARI,2022,7,ARI,NO,42,8,76,34,1,0.010876482873047166,-0.08012079145300396,-0.19291561617872344,0.03132954223050647,-0.0115671846199499,0.03485653487295519,-0.03659309075159503,0.06635821381521269
103,2022_07_NYG_JAX,2022,7,JAX,NYG,17,-6,40,23,0,0.025840244865295445,0.029456268810548338,-0.09405655267174699,-0.0998885602006364,0.006733156311998102,0.08751088039774646,0.15201210361242026,-0.03457998898290299
104,2022_07_NYJ_DEN,2022,7,DEN,NYJ,9,-7,25,16,0,-0.19589706336112664,-0.13623745802323745,-0.04538802700356646,-0.2017091714268089,0.04951023929300387,-0.06855149311374147,-0.09843074869735884,-0.10905896832564668
105,2022_07_PIT_MIA,2022,7,MIA,PIT,16,6,26,10,1,-0.05223904500637301,-0.013873403277734222,-0.0659048714922687,0.11993741423845802,-0.12474996594131202,-0.04283078980553691,0.06208441082405031,0.13777414494437804
106,2022_07_SEA_LAC,2022,7,LAC,SEA,23,-14,60,37,0,-0.01086875455378829,0.042009687066689554,0.05933287802408845,0.0016534608444442505,-0.04186086788104493,0.0902055023512326,-0.0008050249249405687,0.10742478397572515
107,2022_07_TB_CAR,2022,7,CAR,TB,21,18,24,3,1,-0.13573271217489372,-0.32562314425269623,-0.11428299712605536,0.10441020073312852,-0.255217999664651,0.12197089738795629,-0.07085484483252283,-0.0025320222093201993
108,2022_08_ARI_MIN,2022,8,MIN,ARI,34,8,60,26,1,-0.04606094336016356,0.031269916265019855,-0.05585500882542041,0.07845581232265238,0.043039691064562104,-0.039335787251667025,-0.1527121055255481,0.037376278584134434
109,2022_08_BAL_TB,2022,8,TB,BAL,22,-5,49,27,0,-0.31182066928133473,0.08113265449809474,-0.04025843414685706,0.05327752809345064,0.13513504187116077,-0.06191812424038916,0.009784476143465145,0.06576935820015102
110,2022_08_CAR_ATL,2022,8,ATL,CAR,37,3,71,34,1,0.04697994877147279,0.10279685767656967,-0.1728133272060999,0.21209093462786185,-0.08950334166632591,-0.19196161241998105,-0.20484534085933204,0.06780338030693053
111,2022_08_CHI_DAL,2022,8,DAL,CHI,49,20,78,29,1,-0.05143113021977602,-0.06470017235948242,-0.14679139809683608,-0.14755905656712556,0.06761849492106478,-0.16374638234682867,-0.0024048748434138223,-0.10773246075340491
112,2022_08_CIN_CLE,2022,8,CLE,CIN,32,19,45,13,1,0.06115950711100771,0.0017633726342281884,0.15743566601057155,-0.022117927528871602,-0.03391977652616088,0.24421028597605107,0.008753524417620118,-0.043658096118628524
113,2022_08_DEN_JAX,2022,8,JAX,DEN,17,-4,38,21,0,-0.0001521863920651092,0.08269466896889409,-0.009458083565345632,-0.061468098259696846,-0.14455607356665318,-0.16893376113388064,0.00010991538867817345,-0.2421126919888764
114,2022_08_GB_BUF,2022,8,BUF,GB,27,10,44,17,1,-0.013126449982538316,0.25546678756346414,-0.11728681729211829,-0.08341746198649244,-0.10438002003682677,-0.07243134060909726,0.019540964562965748,-0.043069605966778564
115,2022_08_LV_NO,2022,8,NO,LV,24,24,24,0,1,-0.015061361030743388,0.04005340768245487,0.007008377784826038,0.0718476619500637,0.08180762910404052,0.13208585801026296,-0.0904597155383673,0.1612684509579076
116,2022_08_MIA_DET,2022,8,DET,MIA,27,-4,58,31,0,-0.09533768462623564,-0.09932808387429544,0.05696674628071557,0.24187953757526554,-0.10706046698579652,0.02782986348596195,-0.06061998270628521,0.060548271704230855
117,2022_08_NE_NYJ,2022,8,NYJ,NE,17,-5,39,22,0,0.07214151166281295,-0.14104066507667734,-0.0705752254208316,-0.1483041956672211,-0.007618844784252576,-0.026019765274709037,-0.05600287167126398,-0.12472034068922162
118,2022_08_NYG_SEA,2022,8,SEA,NYG,27,14,40,13,1,-0.03149420928758966,0.10641139052353976,-0.10388605157315865,0.03518016633529041,0.06704535437329924,0.0807756051710503,0.09561732284246255,0.03408857690532383
119,2022_08_PIT_PHI,2022,8,PHI,PIT,35,22,48,13,1,0.004710440549245953,0.08349233943783607,0.022727388909421047,-0.18171411534030601,-0.10528577325740308,-0.06299933372116732,-0.02028437152683715,0.1429364444150632
120,2022_08_SF_LA,2022,8,LA,SF,14,-17,45,31,0,-0.15625651325136272,-0.04393329112821016,-0.0632209376674903,-0.1304026326545027,-0.1478444302470202,0.10355316204250173,-0.010013459374117581,0.10129706574716128
121,2022_08_TEN_HOU,2022,8,HOU,TEN,10,-7,27,17,0,0.05448138162102468,-0.11391052105911184,0.011612686582356776,0.10717915706962979,-0.16267693703732508,0.059058846168602325,-0.15226985401440984,0.003590536363960826
122,2022_08_WAS_IND,2022,8,IND,WAS,16,-1,33,17,0,-0.16688237173647047,-0.07743736910303821,-0.07212047716162329,0.04265450522607318,-0.05254278371168139,-0.15078280402369046,-0.09177898417456594,-0.058151664182446654
123,2022_09_BAL_NO,2022,9,NO,BAL,13,-14,40,27,0,-0.013090202047266096,0.10019867686007053,-0.11744723936280525,-0.01730982633722671,0.15764811761411704,-0.04286879554015704,-0.009811760212379648,0.0744419001847017
124,2022_09_BUF_NYJ,2022,9,NYJ,BUF,20,3,37,17,1,-0.012066125369240621,-0.1211753601989002,-0.07415430461533751,-0.15365203563595148,0.043289994771261886,0.1993589734423408,-0.048154296986189345,-0.07385940609984727
125,2022_09_CAR_CIN,2022,9,CIN,CAR,42,21,63,21,1,-0.014715433801672879,0.13605280350073665,0.013418396877435549,0.04719343935833721,-0.0355582438934008,-0.13996462702341114,-0.18235243352667282,0.09965373366644541
126,2022_09_GB_DET,2022,9,DET,GB,15,6,24,9,1,-0.04408156915819855,-0.020283962212468393,0.03784190165612123,0.3047009755717467,-0.04204416456416272,-0.06590639470033278,0.06537516460367887,-0.02812593505559332
127,2022_09_IND_NE,2022,9,NE,IND,26,23,29,3,1,-0.025520803977540873,-0.05918790247974161,-0.11105704393209864,-0.10856798826168292,-0.19909386905371446,-0.04888058615140572,-0.10208133061814538,0.04454225887577312
128,2022_09_LAC_ATL,2022,9,ATL,LAC,17,-3,37,20,0,0.01218138909840375,0.12668602629138473,-0.09991480622934497,0.17216401833167552,-0.11152482663119578,-0.01447252000630766,0.04531590890494238,0.039196833798830356
129,2022_09_LA_TB,2022,9,TB,LA,16,3,29,13,1,-0.2582501851501698,0.08630997253495022,0.022157502659172757,0.04611929072848242,-0.17570114769714404,-0.03036623270108056,-0.053943456725508335,0.05324719845000481
130,2022_09_LV_JAX,2022,9,JAX,LV,27,7,47,20,1,0.05380387313051643,-0.03228104401911803,-0.02010135515208928,-0.028985766514453747,-0.06803211305669306,0.023140463580069236,-0.0702040043540883,0.19576285432293006
131,2022_09_MIA_CHI,2022,9,CHI,MIA,32,-3,67,35,0,0.11305560589740662,-0.20926620015300781,0.07536251930762355,0.03642593876795804,-0.08780041362594841,0.13584073358113283,-0.020124413429308274,0.09880598960398645
132,2022_09_MIN_WAS,2022,9,WAS,MIN,17,-3,37,20,0,-0.08695765677830702,-0.10488713029254357,-0.1410768641058416,-0.03398247204331819,-0.002606498953674899,0.004019596391504323,-0.07482701831354517,0.04893308940227377
133,2022_09_PHI_HOU,2022,9,HOU,PHI,17,-12,46,29,0,-0.022387367565131478,-0.1780244007186775,0.07390043058821048,-0.11546034681382228,0.02828905403540314,0.18645736968664725,0.11095552758312102,-0.20712065949196315
134,2022_09_SEA_ARI,2022,9,ARI,SEA,21,-10,52,31,0,0.0026280430300508802,-0.04041182767394334,-0.0874204701811001,0.010258368558169317,-0.05348658999009573,0.06648859200505425,-0.13403774784182507,0.02781722646217819
135,2022_09_TEN_KC,2022,9,KC,TEN,20,3,37,17,1,0.04915258648047925,0.3553927262370247,-0.04930590108464039,0.10951546544787728,-0.05839239512168924,-0.15198559582707982,-0.17931986080930315,-0.08883637800357144
136,2022_10_ARI_LA,2022,10,LA,ARI,17,-10,44,27,0,-0.18790120802077817,-0.057820086766205155,-0.1309226270020373,0.02230412760906628,-0.015343482345780413,-0.07320284333834846,-0.04275006538945634,0.00040926011836612245
137,2022_10_ATL_CAR,2022,10,CAR,ATL,25,10,40,15,1,-0.024741124528871856,-0.12078974146141283,-0.04794175698016634,0.14422729492949612,0.06542013537496628,0.020950466380719384,-0.10454292554882079,0.15989771971414452
138,2022_10_CLE_MIA,2022,10,MIA,CLE,39,22,56,17,1,-0.1262942960226962,0.24390683435015947,0.05088268786119779,0.08028107477891648,0.0539017659493606,0.08228130507147888,0.1331057233639104,-0.06968445792355218
139,2022_10_DAL_GB,2022,10,GB,DAL,31,3,59,28,1,0.012356926646366305,-0.11704313082288706,0.012660644377425038,-0.034255392094761715,0.03748997330027334,0.06966817416793449,-0.052575003159197616,-0.19676156899932287
140,2022_10_DEN_TEN,2022,10,TEN,DEN,17,7,27,10,1,-0.03019485388239948,-0.18399582953153598,-0.08761262723149696,-0.06334747781264623,-0.12446390135405681,-0.1120024731784354,0.05400634549300069,-0.28319316502377834
141,2022_10_DET_CHI,2022,10,CHI,DET,30,-1,61,31,0,0.15508739551958592,-0.16076538724744485,0.001370092471783526,0.16612121994044987,-0.07430250412594741,-0.02847754014759358,0.07655393074006558,0.1669130111305129
142,2022_10_HOU_NYG,2022,10,NYG,HOU,24,8,40,16,1,-0.001994060513228779,0.06303948322595329,0.044706455995244726,0.010619567028337003,-0.013479250302043999,-0.20255305835547885,0.09159986290075241,-0.037297884609494666
143,2022_10_IND_LV,2022,10,LV,IND,20,-5,45,25,0,-0.10698482200358346,0.06541285862790992,-0.07692620252864928,0.25176764849891897,-0.23965558001469903,-0.20673939898854757,-0.1328583679936089,-0.04723536704394703
144,2022_10_JAX_KC,2022,10,KC,JAX,27,10,44,17,1,0.08888123722885317,0.27981736435206084,-0.023175581029071052,0.018012480058466958,0.02039559699999335,0.07089124124327202,-0.06778025395005668,0.022780567362234723
145,2022_10_LAC_SF,2022,10,SF,LAC,22,6,38,16,1,-0.11983274425186581,0.22372205838173032,-0.061643320072344514,0.08106594407196144,-0.11372305356684197,0.015161487362562391,0.09344869154089917,-0.051465215377189316
146,2022_10_MIN_BUF,2022,10,BUF,MIN,30,-3,63,33,0,0.14971886141712668,0.07992350422412774,-0.021771626872321877,-0.07208842911725263,-0.06288070498386646,0.002435055580305354,-0.0486192375553308,-0.0429698093962181
147,2022_10_NO_PIT,2022,10,PIT,NO,20,10,30,10,1,0.007139385980296836,-0.11399538111141891,0.007664070693861994,0.22662816696175556,-0.06889660442871522,0.05433801172591382,-0.06027838754511746,0.025262678898386584
148,2022_10_SEA_TB,2022,10,TB,SEA,21,5,37,16,1,-0.28741609763074105,0.049525519233124884,-0.032556648564705325,0.0032243376485325786,-0.016199010036747983,0.044405754678666295,-0.12227557964312297,-0.019818043756503752
149,2022_10_WAS_PHI,2022,10,PHI,WAS,21,-11,53,32,0,0.056365294327366346,0.1959320963633372,0.08952749358421908,-0.22502977803503912,-0.05925570627780265,-0.1593088427616674,-0.16859135037839845,-0.02722986313818782
150,2022_11_CAR_BAL,2022,11,BAL,CAR,13,10,16,3,1,0.1534333708615993,0.005679300160541743,-0.0630162007944536,0.03566581793744822,0.006558842055123591,-0.11709291368757181,-0.033788272302681395,0.06969785308624754
151,2022_11_CHI_ATL,2022,11,ATL,CHI,27,3,51,24,1,0.05997381591353422,-0.022646407760184548,-0.053575218444199976,0.11006182828597305,0.16650671040041665,-0.1633916563213346,-0.06298825330473165,0.2506887507214947
152,2022_11_CIN_PIT,2022,11,PIT,CIN,30,-7,67,37,0,0.013093572588717987,-0.10513204052414585,-0.14353622683123685,0.15993903407558502,0.07679776629403783,0.1710086475733427,0.012330192438550172,0.021668162055981512
153,2022_11_CLE_BUF,2022,11,BUF,CLE,31,8,54,23,1,0.06036118297446654,0.08188948648624898,-0.015132848182946957,-0.04089692926685103,0.048730760133204896,0.03085120529824792,0.1380876298550019,0.05416916550108771
154,2022_11_DAL_MIN,2022,11,MIN,DAL,3,-37,43,40,0,-0.04350256065889394,0.021341400546811187,-0.09038085032376714,-0.016832175887707287,0.07494964645227932,0.020523817253270665,-0.01679826873997661,-0.08945591105441467
155,2022_11_DET_NYG,2022,11,NYG,DET,18,-13,49,31,0,-0.011590794775335827,0.17012093939498707,-0.013092163604771724,0.03392892142138143,-0.12431922533791964,0.10803921347219678,0.10931725918373342,0.10121378357367385
156,2022_11_KC_LAC,2022,11,LAC,KC,27,-3,57,30,0,-0.09660827893759603,-0.02703083384786207,0.06226899857076964,-0.0053546131990136305,0.02541067922967546,0.3413138346400402,-0.04111525350410023,0.0485917354696303
157,2022_11_LA_NO,2022,11,NO,LA,27,7,47,20,1,-0.19859222755163045,0.02825313106530078,-0.04106369569310352,0.005444050290893065,-0.13386326084555997,-0.11216910178865505,-0.0996101151903003,0.03299440589905087
158,2022_11_LV_DEN,2022,11,DEN,LV,16,-6,38,22,0,-0.12485485468912065,-0.11511406033177025,-0.049788795046554146,-0.19456074864327352,-0.13511960093117642,0.06036882386009442,-0.013617083894928389,0.21076275923383297
159,2022_11_NYJ_NE,2022,11,NE,NYJ,10,7,13,3,1,-0.06901633921715428,-0.12383446917429354,-0.1649426430079946,-0.24637582583865664,0.005607571380252857,-0.10822524015573531,0.046966423578389115,-0.18389351378495186
160,2022_11_PHI_IND,2022,11,IND,PHI,16,-1,33,17,0,-0.1439826064441869,-0.14766937035841546,-0.156743222655638,-0.02420207673077603,0.08843005801872514,0.07572445719126981,0.0798727881775378,-0.1609516896179201
161,2022_11_SF_ARI,2022,11,ARI,SF,10,-28,48,38,0,-0.00783859635358365,-0.043513767461561194,-0.025465467650873784,-0.06045096681742165,-0.1057794644425207,0.2037081297228159,-0.05674476157909292,0.01610665135754045
162,2022_11_TEN_GB,2022,11,GB,TEN,17,-10,44,27,0,0.03094462150508242,-0.028529267577774495,0.057639349189687626,-0.05583003275332678,-0.11598056395811343,-0.1133028634779767,-0.09391471551346352,-0.07444193967077596
163,2022_11_WAS_HOU,2022,11,HOU,WAS,10,-13,33,23,0,-0.05995995715638271,-0.13331014340834207,0.056753631830819856,0.09410708202562233,-0.038368191723377715,-0.11010673642635059,-0.0902111718526224,-0.09523185189757247
164,2022_12_ATL_WAS,2022,12,WAS,ATL,19,6,32,13,1,-0.05724529124106118,-0.08309459971620514,-0.1051205142240462,-0.1639731851482271,0.010522986348614696,-0.0004188506752181098,-0.04298155021282423,0.10159186864767408
165,2022_12_BAL_JAX,2022,12,JAX,BAL,28,1,55,27,1,-0.004819587769412387,0.0865824147472894,-0.09398021520723188,0.11684392510202214,0.10918985613459482,-0.023650297916743376,-0.09275477905609314,-0.06398173088505604
166,2022_12_BUF_DET,2022,12,DET,BUF,25,-3,53,28,0,-0.08736805344854234,0.10352706564276484,0.09139991632149454,0.0778207405960634,0.04892826779808379,0.115965271115345,-0.1037891433575116,0.038127204110597605
167,2022_12_CHI_NYJ,2022,12,NYJ,CHI,31,21,41,10,1,-0.06273616146902558,-0.17736132747847821,-0.012986381429806548,-0.15136195834583746,0.13417199249826117,-0.12424490658160178,-0.08554302270874749,0.21018646477526132
168,2022_12_CIN_TEN,2022,12,TEN,CIN,16,-4,36,20,0,-0.13841651203856906,0.01262827785657187,-0.11958972321982071,-0.04533402457639446,0.020832298245849184,0.1961273789658671,0.0058546195721361285,0.0052402383751048035
169,2022_12_DEN_CAR,2022,12,CAR,DEN,23,13,33,10,1,-0.03956129512528209,-0.18901938083797473,-0.044911955015032486,0.029604377196865008,-0.11703979656577633,-0.08437267067090061,-0.04476232183523497,-0.12290329496799593
170,2022_12_GB_PHI,2022,12,PHI,GB,40,7,73,33,1,0.07454627932382966,-0.009626000997830671,0.022757641923164783,-0.1497793747826445,-0.018496895346907655,-0.012271290353719521,0.0024745923357851287,0.05381408421733511
171,2022_12_HOU_MIA,2022,12,MIA,HOU,30,15,45,15,1,-0.07029222734084346,0.2854943198087161,0.036517855066195946,0.038641140023175286,-0.07721908816854052,-0.20264202110085344,0.019073329967534892,0.08040300552297873
172,2022_12_LAC_ARI,2022,12,ARI,LAC,24,-1,49,25,0,-0.042924359084228265,-0.06231843240048025,0.0028420190109719047,0.057971673066470455,-0.05517981046807394,-0.009261447331599578,0.048278195265472335,0.07136178782329648
173,2022_12_LA_KC,2022,12,KC,LA,26,16,36,10,1,0.01850869034064065,0.35020848087482837,-0.00960090306632522,0.04918809590579827,-0.1098940640886041,-0.08819440920675993,-0.12034355373684451,0.08043052497980632
174,2022_12_LV_SEA,2022,12,SEA,LV,34,-6,74,40,0,-0.060814308997959636,0.05985388657751543,-0.10554303846180152,0.06222987894948495,-0.11080417309700774,0.08337341352901058,-0.027125364937130973,0.1787467530299706
175,2022_12_NE_MIN,2022,12,MIN,NE,33,7,59,26,1,-0.0776771492531735,-0.06522358093143263,-0.06835306747085015,0.11288953791846308,-0.10022693734346218,-0.10475850253913578,-0.19715382631973047,-0.2852534594348505
176,2022_12_NO_SF,2022,12,SF,NO,13,13,13,0,1,-0.058075094428630375,0.2674683946999391,-0.08685407394639132,-0.017015844539608454,-0.19509875222630108,0.07508746741083794,-0.036536934512016984,0.005550183501593459
177,2022_12_NYG_DAL,2022,12,DAL,NYG,28,8,48,20,1,0.05970757590589566,0.13826170556289222,-0.05773202484921083,-0.1572283773701168,-0.004038598468736791,0.12388539677372494,0.0023256831915428357,0.046505887633664256
178,2022_12_PIT_IND,2022,12,IND,PIT,17,-7,41,24,0,-0.16022300944889703,-0.13620874500890603,-0.12152201705888888,-0.08887264952036472,0.005604108434524213,-0.0948476037731621,-0.1475487684513488,0.18709361713546496
179,2022_12_TB_CLE,2022,12,CLE,TB,23,6,40,17,1,-0.0482099664839772,0.09967745031917222,0.11420397469978552,0.08672320397565655,-0.24267056620848362,0.10908290420496526,-0.07343105275519995,0.019510147480113104
180,2022_13_BUF_NE,2022,13,NE,BUF,10,-14,34,24,0,-0.10954063246812665,-0.060723872198052975,-0.21119270365979534,-0.17540359711605474,0.08896138053811245,0.09479784171140682,-0.10395272771076774,0.05200508967415604
181,2022_13_CLE_HOU,2022,13,HOU,CLE,14,-13,41,27,0,-0.07572225027820678,-0.25178196586318113,-0.06388561913791858,0.08312668128419345,0.004257159090065471,0.05566847930972889,0.09165361240825642,0.062049296676618966
182,2022_13_DEN_BAL,2022,13,BAL,DEN,10,1,19,9,1,0.0884501110765101,0.02336794111312201,-0.17765158100354256,0.013153925650718714,-0.10842548718394915,-0.13532335880884866,-0.04708353607601927,-0.05613053751012279
183,2022_13_GB_CHI,2022,13,CHI,GB,19,-9,47,28,0,0.13113484970601705,-0.15004523485394675,-0.06674537324452527,0.2516545171590499,-0.0031452410809115097,0.03416261536160984,0.06930941037043634,0.00859270921184312
184,2022_13_IND_DAL,2022,13,DAL,IND,54,35,73,19,1,0.03514364874798276,0.17611006090514647,-0.04327083085580056,-0.15079613783270937,-0.1679342112075908,-0.13570529201807813,-0.06334455911266351,-0.0698589111016099
185,2022_13_JAX_DET,2022,13,DET,JAX,40,26,54,14,1,-0.09020120623622092,0.10773725877418826,0.12488552555079589,0.0650279021287124,-0.10751133520735359,0.13276361685272042,-0.07919093771919215,0.13092880107325353
186,2022_13_KC_CIN,2022,13,CIN,KC,27,3,51,24,1,0.004246476278645898,0.18630779093168243,-0.023126818761069434,0.036044984875658576,0.025798699415615526,0.3185871415381137,-0.021322621574140267,-0.02618420948979614
187,2022_13_LAC_LV,2022,13,LV,LAC,27,7,47,20,1,-0.07893864501643527,0.13166101688097295,-0.0692857588742479,0.18354942440111194,-0.030616618676069716,0.0047896464817788875,0.019757351019816596,0.10160289387276088
188,2022_13_MIA_SF,2022,13,SF,MIA,33,16,50,17,1,-0.07357622536561528,0.22160399155687674,-0.1412231581877297,-0.046283575409610284,-0.1383061554781465,0.24974722146007217,0.013204173143312766,-0.05112491529229749
189,2022_13_NO_TB,2022,13,TB,NO,17,1,33,16,1,-0.20608912220325146,0.08219765829644188,-0.02024848811415875,-0.010521742280058591,-0.22514939393853298,0.03063159031755951,-0.055092060682857255,0.010778102131427644
190,2022_13_NYJ_MIN,2022,13,MIN,NYJ,27,5,49,22,1,-0.11503119818250244,0.004121273255495195,-0.08532266677922036,0.11471372429683303,-0.04843153500385045,-0.05855917665679618,0.009797413979372427,-0.16772735578342496
191,2022_13_PIT_ATL,2022,13,ATL,PIT,16,-3,35,19,0,0.043193472045298734,-0.02898378104971578,-0.013715390168055445,0.10271109978612782,0.04199823855045131,-0.07872912004079413,-0.15205093630682662,0.12839547630780887
192,2022_13_SEA_LA,2022,13,LA,SEA,23,-4,50,27,0,-0.10418159642860067,-0.13895164875039023,-0.08788793614192818,0.09582344466785703,-0.09448139736925963,0.08533911810133818,-0.07610570175072247,0.11731752149908015
193,2022_13_TEN_PHI,2022,13,PHI,TEN,35,25,45,10,1,0.1291157400299149,-0.0364321269243703,0.03329197172727274,-0.07811369530876228,-0.14057810330221074,0.040900970433398555,-0.1100425352293475,-0.010158535727814267
194,2022_13_WAS_NYG,2022,13,NYG,WAS,20,0,40,20,0,0.0018036194899682513,0.07764623794126044,-0.007952105862085982,0.1048700358492294,-0.025148718937112468,-0.053159140490424826,-0.0543268908017132,-0.16172077629911585
195,2022_14_BAL_PIT,2022,14,PIT,BAL,14,-2,30,16,0,0.020939439688919342,-0.013840559213306009,-0.09753042818372318,0.07540523278205308,0.08132620115035812,-0.024901475021800838,-0.18943355319724323,0.01697853919169804
196,2022_14_CAR_SEA,2022,14,SEA,CAR,24,-6,54,30,0,-0.10373022996444993,0.11115123476486116,-0.03908353596519817,0.05457475076113028,-0.043236412163076755,-0.11269383704022991,-0.05105764454150986,-0.032874455049228736
197,2022_14_CLE_CIN,2022,14,CIN,CLE,23,13,33,10,1,-0.028830407684066417,0.2552202319301216,0.04730338807301129,0.04324758118660826,-0.016513885783969496,-0.02997606223000159,0.017337028114229665,-0.027424838407032998
198,2022_14_HOU_DAL,2022,14,DAL,HOU,27,4,50,23,1,0.0840712902214317,0.15420813017786747,-0.06324828512532953,-0.1951481264557284,-0.12311326878505997,-0.2863694514276928,-0.07260399919336752,-0.008876563889962734
199,2022_14_JAX_TEN,2022,14,TEN,JAX,22,-14,58,36,0,-0.120567055177706,-0.028698589031521515,-0.0762660399042047,0.0632693403649152,-0.08264595409358091,0.08550548197801443,-0.08986943166781257,0.18560645850489088
200,2022_14_KC_DEN,2022,14,DEN,KC,28,-6,62,34,0,-0.13827996930175998,-0.10649001250660059,-0.03295577544111258,-0.09538793340110349,0.08756782426751206,0.28215841898203753,-0.050207669789870006,0.08094768960554244
201,2022_14_LV_LA,2022,14,LA,LV,17,1,33,16,1,-0.06323447170888215,-0.15733072935966202,-0.10030168039445396,0.11857198020480164,-0.05070677485219441,0.06472140892223117,-0.06688870829965958,0.13403447849311595
202,2022_14_MIA_LAC,2022,14,LAC,MIA,23,6,40,17,1,-0.03697508099878151,-0.015209425982165773,0.032487197647341745,0.03985278672123875,-0.12317070997293443,0.1437196688879496,-0.01366871463066174,-0.029034832551932985
203,2022_14_MIN_DET,2022,14,DET,MIN,34,11,57,23,1,-0.09754282575922624,0.16945463914341105,0.10776736532093974,0.03384074517352459,-0.07876214552996601,-0.00490734226442531,-0.04104928288849068,0.07056258855398466
204,2022_14_NE_ARI,2022,14,ARI,NE,13,-14,40,27,0,-0.05012473045603717,-0.010077217033380438,0.010646715105396037,0.05765491053801676,-0.11344170259945689,-0.04773004055975186,-0.18482668586491857,-0.09213079321156298
205,2022_14_NYJ_BUF,2022,14,BUF,NYJ,20,8,32,12,1,0.0612621122688716,0.13624007400288993,-0.11028087794043354,0.04274470915209258,-0.010148093647391975,-0.07423326353666203,0.021770542186174437,-0.145930981062663
206,2022_14_PHI_NYG,2022,14,NYG,PHI,22,-26,70,48,0,-0.01893208702927372,0.053752764647530274,0.01218485020869315,0.08373618678208644,0.1218896988263603,0.04621951213470719,0.025103746400540125,-0.12902138681401443
207,2022_14_TB_SF,2022,14,SF,TB,35,28,42,7,1,-0.08630353153716783,0.1919491258863272,-0.1259015729999497,-0.10170009448631118,-0.18332555473020293,0.06595832274520338,-0.0624929080958394,0.017653448745990986
208,2022_15_ARI_DEN,2022,15,DEN,ARI,24,9,39,15,1,-0.10086197149655336,-0.11674380737906682,-0.035658828780860095,-0.06305998679786108,-0.03261628030076206,-0.09875893473523803,-0.004037574190557861,0.03938780762633467
209,2022_15_ATL_NO,2022,15,NO,ATL,21,3,39,18,1,-0.22446806672224764,0.051692336758911835,-0.05643220074878509,0.0067512523267940884,0.06041761496017589,-0.04984790256922427,-0.025561310340495226,0.13769435384710735
210,2022_15_BAL_CLE,2022,15,CLE,BAL,13,10,16,3,1,-0.015306878514246156,-0.05315585868380696,0.04154997377054117,-0.035037616161749136,0.07946857015525331,-0.017885489886315064,-0.16971661396226154,0.0271148086478617
211,2022_15_CIN_TB,2022,15,TB,CIN,23,-11,57,34,0,-0.1868358778631046,0.03022764344758192,-0.06030354498466254,0.06445150549973606,-0.001002537586280331,0.19999765529647393,0.034843057717147394,0.004282466561545763
212,2022_15_DAL_JAX,2022,15,JAX,DAL,40,6,74,34,1,-0.10877912502368355,0.13671131946804577,-0.07585759855529021,0.12196586874583745,0.07852513017824601,0.11307674881230469,-0.13129538913224853,-0.12296470158895996
213,2022_15_DET_NYJ,2022,15,NYJ,DET,17,-3,37,20,0,-0.05677109681833393,-0.07964184758327338,-0.008636501290336418,-0.14635660171622913,-0.07273968578082052,0.19547437365237488,-0.004708555369561418,0.08004755170740067
214,2022_15_IND_MIN,2022,15,MIN,IND,39,3,75,36,1,-0.16215166645571605,0.04396122888152481,-0.026586997254334915,0.11533449207642826,-0.1689315497606613,-0.1787544150632926,-0.005016909091240505,-0.042982400652867396
215,2022_15_KC_HOU,2022,15,HOU,KC,24,-6,54,30,0,-0.1798723191617244,-0.19903705803677732,-0.049603181512000744,-0.02004305189213508,0.06473328708341879,0.2603967121361451,-0.024944002048751364,0.040608797180855506
216,2022_15_LA_GB,2022,15,GB,LA,24,12,36,12,1,0.02816566997795634,0.04591542600466956,0.09658524822124419,0.000922517699768859,-0.11918961573425513,-0.12365359481582638,-0.07597666108014837,0.09234380967682172
217,2022_15_MIA_BUF,2022,15,BUF,MIA,32,3,61,29,1,0.02594564078505152,0.0919081977180423,-0.14051289376094736,0.017289122560801208,-0.0724507474371761,0.08309124725172526,-0.00895758397619118,-0.016787823030814924
218,2022_15_NE_LV,2022,15,LV,NE,30,6,54,24,1,-0.03444649600077073,0.04847974231454232,-0.12017497839606507,0.1231510364874422,-0.10403669375651921,-0.050491450935557604,-0.14697548361197724,-0.1692718656324622
219,2022_15_NYG_WAS,2022,15,WAS,NYG,12,-8,32,20,0,-0.007761700333137576,-0.05025883372627134,-0.06991390462476181,-0.1394524824605012,0.009825407854110495,0.016514063688448676,0.10501603984018226,0.09314216653537309
220,2022_15_PHI_CHI,2022,15,CHI,PHI,20,-5,45,25,0,0.15023012226227053,-0.1333179804614251,-0.020684006765374057,0.22480677989869888,0.19574216768568614,0.06396526732183991,0.04674993561691091,-0.13977367870580912
221,2022_15_PIT_CAR,2022,15,CAR,PIT,16,-8,40,24,0,0.007470773525414439,-0.11332014951076404,-0.08521617090742874,-0.026670226460864317,0.0038173378935889347,-0.0020968724499865004,-0.07215165024222966,0.06771257975429319
222,2022_15_SF_SEA,2022,15,SEA,SF,13,-8,34,21,0,-0.1266945637124433,0.09151550356731238,0.009482617469874555,0.032356535751021126,-0.0814861291243364,0.21267990024181102,-0.13483160396352947,-0.11080938914950363
223,2022_15_TEN_LAC,2022,15,LAC,TEN,17,3,31,14,1,-0.030273529968296412,-0.006799376280923333,0.05902778153922279,-0.006303720167147863,-0.10211121740645449,-0.05364683314514646,-0.10639748955106841,0.11521017147131939
224,2022_16_ATL_BAL,2022,16,BAL,ATL,17,8,26,9,1,0.08655512096595376,-0.08783332863271552,-0.13721194167494338,0.010192589027719445,0.08888925863577607,-0.09214026629920892,-0.06030654509597814,0.19790349181545303
225,2022_16_BUF_CHI,2022,16,CHI,BUF,13,-22,48,35,0,0.11590602352903176,-0.13929509703114884,-0.004599884244234028,0.1732256386053645,0.021289206671678,0.12340928559740408,-0.05496816751938427,0.004657810867151013
226,2022_16_CIN_NE,2022,16,NE,CIN,18,-4,40,22,0,-0.07722475887432585,-0.0855179428742379,-0.12727401757219947,-0.1582171441694597,-0.03602182194175345,0.1802947235202812,-0.039625007602920384,0.017206032161151585
227,2022_16_DEN_LA,2022,16,LA,DEN,51,37,65,14,1,-0.11248745286480623,-0.12409240831792297,-0.07738239108646754,0.08290862346420537,-0.08401261615665515,-0.12547798823904738,-0.03620448649281922,-0.11894658450538782
228,2022_16_DET_CAR,2022,16,CAR,DET,37,14,60,23,1,-0.07089224458412564,-0.04790293885058866,-0.06116442622241518,0.043393601924207124,-0.10980586898885711,0.2077007012535894,-0.031604160725196846,0.07267127627908106
229,2022_16_GB_MIA,2022,16,MIA,GB,20,-6,46,26,0,0.0010066431204606911,0.06559174636626046,-0.009554289289381417,0.03054448973621591,0.01101836762320932,0.041633816954696035,0.07067266643185463,-0.018809081351823905
230,2022_16_HOU_TEN,2022,16,TEN,HOU,14,-5,33,19,0,-0.06834963212499237,-0.0774612254038358,-0.07297570161759369,0.07146700005951039,-0.1877215884789659,-0.17393702971648317,-0.04582490189404205,0.021352010390804043
231,2022_16_JAX_NYJ,2022,16,NYJ,JAX,3,-16,22,19,0,-0.07840359034738215,-0.06605016660803494,-0.05561986504029346,-0.08023878039886626,-0.10434930619807313,0.1511039466598313,-0.06771589670006527,0.11888464059013669
232,2022_16_LAC_IND,2022,16,IND,LAC,3,-17,23,20,0,-0.18466065167215284,-0.16023135380949854,-0.08684349117256711,-0.030447985933483204,-0.00927408906278792,-0.02872144928240289,0.06996245815934599,-0.03617730751590585
233,2022_16_LV_PIT,2022,16,PIT,LV,13,3,23,10,1,0.015231824467717623,0.059830018174279714,-0.13746174108028245,0.11062582458413886,-0.03197883873831808,0.028350424190711626,-0.09096157603832786,0.06562493074378159
234,2022_16_NO_CLE,2022,16,CLE,NO,10,-7,27,17,0,-0.005698937363739636,-0.05587454595752788,0.05559507272330698,-0.10192144122055219,-0.22728178558841372,0.12426575976383758,-0.011281279004322735,-0.04599727587811736
235,2022_16_NYG_MIN,2022,16,MIN,NYG,27,3,51,24,1,-0.215485031781021,0.04182818100425107,-0.0627990142863359,0.08888438385809701,0.02334566479244745,0.020347232413474515,0.11511116190085559,0.03145951016268056
236,2022_16_PHI_DAL,2022,16,DAL,PHI,40,6,74,34,1,0.0632477576553764,0.11247199359388761,-0.12333163992036547,-0.07104485428637668,0.17753638667573138,0.03887489423903588,0.028554450403082247,-0.14409607192954124
237,2022_16_SEA_KC,2022,16,KC,SEA,24,14,34,10,1,0.05007828004727474,0.2620600132515186,-0.059229965532870035,0.0320595383334754,-0.10326884530847238,0.03274988652646689,0.004072245264780237,0.06513891662872201
238,2022_16_TB_ARI,2022,16,ARI,TB,16,-3,35,19,0,-0.03232048437000702,-0.1454368676595155,-0.0012700723889020726,0.008438774027844312,-0.230612702957638,0.041285621790151016,-0.08613679330562898,0.06221673115056367
239,2022_16_WAS_SF,2022,16,SF,WAS,37,17,57,20,1,-0.07182757448290028,0.21618228350943508,-0.11142425357190493,-0.13917035340825043,0.01909968115208418,-0.09155748395724615,-0.04629463482123752,-0.11218948792759875
240,2022_17_ARI_ATL,2022,17,ATL,ARI,20,1,39,19,1,0.04100044005119519,-0.08268378686934098,-0.04660499519456278,0.16366625398948437,-0.052535279594779556,-0.15796380466869928,-0.02838821701198598,0.0035156781178509303
241,2022_17_CAR_TB,2022,17,TB,CAR,30,6,54,24,1,-0.2255164810797898,0.0313314765632545,-0.09912662694579953,0.017229249040097643,-0.029282962996615723,0.04241923357755759,-0.12570100826429595,0.0790420066363851
242,2022_17_CHI_DET,2022,17,DET,CHI,41,31,51,10,1,-0.16546243855139176,0.21820424514462267,0.007197173916409573,0.15143152234925408,0.02653529887770938,-0.16179099460582871,0.06306456410665269,0.13541927796227043
243,2022_17_CLE_WAS,2022,17,WAS,CLE,10,-14,34,24,0,-0.05107458987275612,-0.05482263766486108,-0.04501677513029878,-0.059978637995933726,-0.009944048243416772,-0.10893028954645347,0.04599748066991937,-0.12993748714764994
244,2022_17_DAL_TEN,2022,17,TEN,DAL,13,-14,40,27,0,-0.05172350026985795,-0.15132545230144617,-0.09187298819063627,0.05903053727996342,0.04681623691453758,0.11450685848073262,-0.17112001981766417,-0.0074380233957268855
245,2022_17_DEN_KC,2022,17,KC,DEN,27,3,51,24,1,0.03431161179119463,0.2382430514702571,-0.0427394325686095,-0.029862824764582997,-0.07266222663413843,-0.16507962641661922,-0.016429155244630282,-0.03675952421996462
246,2022_17_IND_NYG,2022,17,NYG,IND,38,28,48,10,1,0.05108301518673085,0.00890071058298135,0.09724484447336748,0.02652722868818901,-0.19723705074793935,-0.22994974883434804,-0.07643284473126093,-0.03715812403836391
247,2022_17_JAX_HOU,2022,17,HOU,JAX,3,-28,34,31,0,-0.18684683983153969,-0.1529159580364291,-0.029942221804963146,-0.0671187592134288,-0.0781946757909518,0.13760437461734798,-0.08740599585417266,0.056106308425706825
248,2022_17_LA_LAC,2022,17,LAC,LA,31,21,41,10,1,-0.011168654996178015,-0.03476087889090602,0.022497769844518834,-0.12136878695179673,-0.08261130732349349,-0.04007432163752924,-0.06542014741162647,0.01436333575784598
249,2022_17_MIA_NE,2022,17,NE,MIA,23,2,44,21,1,-0.11789472601180237,-0.06812067262329814,-0.12134262682225239,-0.1195749366439119,-0.017004454970368725,0.06424225109602844,-0.029098551841693104,0.033967082475235534
250,2022_17_MIN_GB,2022,17,GB,MIN,41,24,58,17,1,-0.011750716966429016,0.041543013710185095,0.04522155815219145,-0.01162308569423735,-0.18301110127128523,0.03413426892559675,-0.022826464895765654,0.06717772114883794
251,2022_17_NO_PHI,2022,17,PHI,NO,10,-10,30,20,0,0.08536153688689076,0.09095824732681634,0.018388140787111738,-0.10654665972000558,-0.1978862484316695,0.06027306032466633,-0.017893951960873337,-0.10098659192796373
252,2022_17_NYJ_SEA,2022,17,SEA,NYJ,23,17,29,6,1,-0.08063309448030122,-0.02805538852692278,-0.007131195401230155,0.06724665770061858,-0.09456779739473285,-0.10226426819268411,-0.036656214041689006,-0.061889323295452534
253,2022_17_PIT_BAL,2022,17,BAL,PIT,13,-3,29,16,0,0.08037930722990314,-0.07874535649048624,-0.15209217431248617,0.003120652415738243,-0.0007651025527133583,0.052713397304538355,-0.1438398635867421,0.0744726532522293
254,2022_17_SF_LV,2022,17,LV,SF,34,-3,71,37,0,-0.05520107805598988,0.00404240713080538,-0.09188936680374554,0.06469575372334578,-0.06638631983217111,0.22184602936884865,-0.16222013744029995,-0.09400730459702243
255,2022_18_ARI_SF,2022,18,SF,ARI,38,25,51,13,1,-0.0241357884744625,0.22076958773188898,-0.14874483873985472,-0.05862766068923985,-0.046561608364101274,-0.13027063370190506,-0.05131802943974191,0.0035145024007968554
256,2022_18_BAL_CIN,2022,18,CIN,BAL,27,11,43,16,1,-0.0408405405829442,0.17338554389011285,-0.08185655696127588,0.018477172335734548,0.04983111760389401,-0.040273206138886984,-0.1120050540446021,0.02150480667487822
257,2022_18_CAR_NO,2022,18,NO,CAR,7,-3,17,10,0,-0.18310384600069496,0.03385096043179364,-0.042892108823790964,-0.12312403925421163,-0.07408188755223896,0.056082683913480584,-0.12505462557204022,0.09865827828963059
258,2022_18_CLE_PIT,2022,18,PIT,CLE,28,14,42,14,1,0.018746309382018034,0.06129715845929056,-0.14462656085390463,0.09255721933457682,-0.007110444140949505,-0.04821172966031829,0.02828609791295808,-0.14325885623047602
259,2022_18_DAL_WAS,2022,18,WAS,DAL,26,20,32,6,1,-0.05763342836348873,-0.08207970423337457,-0.0400626562617199,-0.00930046768575414,-0.00035022251422702833,0.13026698792906985,-0.158469012236722,-0.035998987525904656
260,2022_18_DET_GB,2022,18,GB,DET,16,-4,36,20,0,0.009942142279325435,0.042103333992845535,0.043175256868169615,-0.04977584301430201,-0.11690047844051661,0.20725721122731397,0.06637239953234982,0.009110103996062968
261,2022_18_HOU_IND,2022,18,IND,HOU,31,-1,63,32,0,-0.17483473503148908,-0.2366875606592119,-0.04594411703771642,0.0025985851889487135,-0.20654967556134324,-0.20723952025562706,-0.020108060857847172,-0.08029700926901572
262,2022_18_KC_LV,2022,18,LV,KC,13,-18,44,31,0,-0.05651523483252491,0.02806049206705249,-0.045352463708058996,0.087470754577545,-0.02486393527256342,0.24181357159443578,-0.02847079537835905,-0.06175451264820733
263,2022_18_LAC_DEN,2022,18,DEN,LAC,31,3,59,28,1,-0.05660734702739469,-0.18015301488044194,-0.06993698175442352,-0.002721011901530417,0.013737152789424705,0.018341284080251673,0.05329130282498138,-0.16860421974231157
264,2022_18_LA_SEA,2022,18,SEA,LA,19,3,35,16,1,-0.06922085105769563,-0.030991803785674215,-0.0279127289597313,0.011448902626156533,-0.040311550284599755,-0.1033282702110297,-0.03280984929191149,0.061555484230797874
265,2022_18_MIN_CHI,2022,18,CHI,MIN,13,-16,42,29,0,0.08393193143763021,-0.2635638111187385,0.07772846982072505,0.1380647214541091,-0.1538056382982046,-0.010052580558291224,-0.0004339927148716119,0.0660739161213092
266,2022_18_NE_BUF,2022,18,BUF,NE,35,12,58,23,1,0.08486908212986362,0.09562996351218808,-0.1214031462660712,-0.03695603631436914,-0.13407047145798598,-0.0706214149345587,-0.11369300724565833,-0.10814418154151127
267,2022_18_NYG_PHI,2022,18,PHI,NYG,22,6,38,16,1,0.04948615066203066,0.04102837831486035,0.005268303657473858,-0.1129816373428257,0.06486263884166132,0.043007674902234574,0.08087947187024448,-0.014824913021634675
268,2022_18_NYJ_MIA,2022,18,MIA,NYJ,11,5,17,6,1,-0.023986184656826757,0.05555927108734854,-0.05770699372340466,0.01874937117030267,-0.10121145741082688,-0.1367274312111094,-0.03067525393545366,-0.06450685618527106
269,2022_18_TB_ATL,2022,18,ATL,TB,30,13,47,17,1,0.010136417659896386,-0.07062131630670979,-0.0426149464683956,0.14733680921470085,-0.2137132537751885,0.0591310637665962,-0.13361048631869132,0.03877585719475498
270,2022_18_TEN_JAX,2022,18,JAX,TEN,20,4,36,16,1,-0.06184019611221488,0.09524493565807703,-0.12233415911523438,-0.02369082058827603,-0.05866329641735769,-0.15506406538920856,-0.12134876858216542,0.08231565390171959
271,2022_19_BAL_CIN,2022,19,CIN,BAL,24,7,41,17,1,-0.06449797476366459,0.12983153714358087,-0.08788804855817915,-0.03440248699120466,0.027420766900366635,-0.08362219989368297,-0.1269759279760746,-0.002846112327395595
272,2022_19_DAL_TB,2022,19,TB,DAL,14,-17,45,31,0,-0.2042995395942712,0.02898540518029523,-0.1263980892318889,0.057870939491364,-0.07626268066216028,0.0683731945366498,-0.15075403151528977,-0.07448945209153114
273,2022_19_LAC_JAX,2022,19,JAX,LAC,31,1,61,30,1,-0.1325899493328053,0.10004334785482767,-0.12544878819846028,-0.021119074032057487,-0.03969170599014956,0.04886385236445311,0.06353544497497682,-0.12516884220206445
274,2022_19_MIA_BUF,2022,19,BUF,MIA,34,3,65,31,1,0.0397754648714392,0.11655442608972316,-0.10906107465767167,-0.03728727331862252,-0.017065593895022234,0.02438018695755387,-0.09622451833607393,0.017439405576662823
275,2022_19_NYG_MIN,2022,19,MIN,NYG,24,-7,55,31,0,-0.14776203580638234,0.07263708308159131,0.006444251792268834,0.020544373034594124,0.09665154897449099,0.017430930807891872,0.08224544519036076,-0.02601422883703456
276,2022_19_SEA_SF,2022,19,SF,SEA,41,18,64,23,1,-0.03227996196046087,0.22300371161602012,-0.14263596588309269,-0.11489140050861553,-0.05888200457505679,-0.051307976470618834,-0.0056730409464074505,-0.03232308757525801
277,2022_20_CIN_BUF,2022,20,BUF,CIN,10,-17,37,27,0,0.030890122400703005,0.0736024308930737,-0.12569897301643757,-0.05529379667567921,-0.05910700376774393,0.1267871874319753,-0.1067612795035787,-0.016805192593472584
278,2022_20_DAL_SF,2022,20,SF,DAL,19,7,31,12,1,-0.027874601187216613,0.276771475024273,-0.11927330184610578,-0.09270791408674786,-0.06112240865216218,0.1409147949391261,-0.13602075778214123,-0.07257398615153987
279,2022_20_JAX_KC,2022,20,KC,JAX,27,7,47,20,1,0.014315662036261147,0.22026826537990848,-0.03104158227141392,-0.07607475057459122,-0.089661789494879,0.07300357635270546,-0.1234498147308862,0.0015760108420627577
280,2022_20_NYG_PHI,2022,20,PHI,NYG,38,31,45,7,1,0.05779590264107132,0.023956060155917887,0.04607678051608649,-0.121323124214363,0.12227396234761248,0.056735804535832594,0.07013057489857442,0.006578340410753833
281,2022_21_CIN_KC,2022,21,KC,CIN,23,3,43,20,1,0.01338147966018164,0.23455061523354404,0.022544820482793666,-0.0774956732936166,-0.041424899242617295,0.1497576328033041,-0.0860372952385814,-0.01664715777941835
282,2022_21_SF_PHI,2022,21,PHI,SF,31,24,38,7,1,0.09521225424275406,0.048561649549861474,0.05545139412638985,-0.15873074232862827,-0.03682035160118842,0.2570509461000221,-0.10230487123246733,-0.10054061191868423
283,2022_22_KC_PHI,2022,22,PHI,KC,35,-3,73,38,0,0.08881099132451235,0.041148572250272374,-0.009698744344813664,-0.17855835352712582,-0.010962924373981312,0.23029788569761003,0.03870011935961347,-0.07155999155616703
284,2023_01_ARI_WAS,2023,1,WAS,ARI,20,4,36,16,1,-0.0769413900619023,-0.12966126472745862,-0.1385881241961443,-0.04710784233625727,-0.06762749781092689,-0.21824972140146953,-0.06147695629107222,0.03789515412686316
285,2023_01_BUF_NYJ,2023,1,NYJ,BUF,22,6,38,16,1,-0.17597811661782517,-0.12998965110998775,-0.018346669608133564,-0.08016650567711503,0.02884148305221162,0.031468075528200704,-0.09841355596333656,0.0007160289379858745
286,2023_01_CAR_ATL,2023,1,ATL,CAR,24,14,34,10,1,-0.02389987107188715,-0.0369166993957737,-0.057968710753587775,0.08518036298145752,-0.07286243488049074,-0.03705068893779783,-0.12962364562505369,0.04414184192062917
287,2023_01_CIN_CLE,2023,1,CLE,CIN,24,21,27,3,1,0.012019883397006817,-0.06966592112134745,-0.022775808018716058,-0.09508341499230018,-0.0010947384708806928,0.10891199833177258,-0.13151427457196924,0.015820126567908578
288,2023_01_DAL_NYG,2023,1,NYG,DAL,0,-40,40,40,0,0.16372235406757327,-0.025526868411025486,0.1272801111759704,0.04264765315111952,-0.07965470463415504,0.1107580793335537,-0.13887490593168741,-0.029548998532062876
289,2023_01_DET_KC,2023,1,KC,DET,20,-1,41,21,0,-9.781965480522153e-05,0.25572818309968337,0.06376816924468659,-0.028906751926194595,-0.1267587142566545,0.2339273166372467,0.03904012418712845,-0.06954078403255144
290,2023_01_GB_CHI,2023,1,CHI,GB,20,-18,58,38,0,0.07457760293832165,-0.31466082814531154,0.07338699867900444,0.2339697540034509,-0.00776654275019671,0.011951641377248223,0.008766080428435723,-0.013882007011174646
291,2023_01_HOU_BAL,2023,1,BAL,HOU,25,16,34,9,1,-0.05361028631093293,-0.0710974484389426,-0.11210865422955747,0.0053267134103842945,-0.3002824175724228,-0.1402877306492727,0.027036370134528254,-0.16345109109982403
292,2023_01_JAX_IND,2023,1,IND,JAX,21,-10,52,31,0,-0.09739290524517956,-0.2888606591595112,-0.12117147635093872,0.04786241475774137,0.005659856314341197,0.020655187378145253,-0.11349297672666174,0.04918799200242634
293,2023_01_LA_SEA,2023,1,SEA,LA,13,-17,43,30,0,-0.027921849124864336,-0.06828237808664725,0.012578570263963328,0.06147730434062413,0.0254184673423269,-0.15703522090276897,-0.0026850107546989273,0.0077262873160592535
294,2023_01_LV_DEN,2023,1,DEN,LV,16,-1,33,17,0,0.004926302886904231,-0.1406113791715143,-0.14968605040315244,0.09120472909410406,-0.05637782657940159,-0.02558629521438815,0.03206706980276064,0.060976617640820324
295,2023_01_MIA_LAC,2023,1,LAC,MIA,34,-2,70,36,0,-0.056813929242299534,0.09259629889106259,0.10149186356835857,-0.16418666627059064,-0.04496371569740547,-0.0548522396422409,-0.11773636782493281,-0.04011554591034825
296,2023_01_PHI_NE,2023,1,NE,PHI,20,-5,45,25,0,-0.1350466852394894,-0.0667996840427949,-0.1354078559636437,-0.02319760988038661,0.06382826581720734,0.0850899394188703,-0.009405757898087591,-0.08447468147170664
297,2023_01_SF_PIT,2023,1,PIT,SF,7,-23,37,30,0,-0.003360632219077059,0.1433021314977604,-0.11028512147156189,0.05087645299899214,-0.1214388662483089,0.16781213105293658,-0.06158386591854909,-0.09317800179335849
298,2023_01_TB_MIN,2023,1,MIN,TB,17,-3,37,20,0,-0.13155357059329928,0.13219667528071666,0.08686541633548049,0.05856383039273864,-0.16162486243812094,0.0016587216112012159,-0.11721839444812077,0.1962464948568715
299,2023_01_TEN_NO,2023,1,NO,TEN,16,1,31,15,1,-0.16734364735703608,-0.04131117574044039,-0.030144669876304597,-0.28307332840039817,-0.06286372963622093,-0.1643892083491356,-0.23097267698163185,0.10894268865592113
300,2023_02_BAL_CIN,2023,2,CIN,BAL,24,-3,51,27,0,-0.040853886560406685,-0.01953580919932813,-0.10398317127314267,-0.05001478847747701,-0.036835974663920135,-0.08945486986786282,-0.1569454025252352,-0.037994529913062056
301,2023_02_CHI_TB,2023,2,TB,CHI,27,10,44,17,1,-0.19041891745810993,0.0061895283017834885,-0.189945024578503,0.16106770877833562,0.05575638643234405,-0.30901035447457764,0.010309415044241462,0.30901181900377583
302,2023_02_CLE_PIT,2023,2,PIT,CLE,26,4,48,22,1,-0.017353064278968797,0.04280174777280704,-0.07050632441559448,0.07948873770868024,0.012982317841574362,-0.12013051043442025,-0.058848237763423294,-0.18659019290193266
303,2023_02_GB_ATL,2023,2,ATL,GB,25,1,49,24,1,-0.02371570211837883,-0.06781939042430286,-0.09909278734267521,0.02007843739279712,-0.05567955674650776,0.12848060972922712,0.002242582525217757,-0.06443587511693978
304,2023_02_IND_HOU,2023,2,HOU,IND,20,-11,51,31,0,-0.31018268857462794,-0.15661760088318688,0.028825448311371196,-0.16464366605996616,-0.1748483192165208,-0.2966030909505164,-0.1352594494179928,-0.010555206479678983
305,2023_02_KC_JAX,2023,2,JAX,KC,9,-8,26,17,0,-0.031784725718263344,-0.03219369613954942,-0.18726327806229273,-0.02107864771971614,-0.020796558120719046,0.17799604473502656,0.03226111549031923,-0.0037080837468167214
306,2023_02_LAC_TEN,2023,2,TEN,LAC,27,3,51,24,1,-0.060349553394117794,-0.1944920843500349,-0.2813842634924741,0.10712257013221695,0.013435289417770762,0.06897077172206405,-0.013408346794120335,-0.021781773084140237
307,2023_02_LV_BUF,2023,2,BUF,LV,38,28,48,10,1,-0.0032988346615000987,0.019920817625711594,-0.06150071289703611,-0.038249298067815664,-0.09105782222280008,0.07324486473717846,-0.0014928069401143077,0.06180909226676034
308,2023_02_MIA_NE,2023,2,NE,MIA,17,-7,41,24,0,-0.1400614965653707,-0.09542860333206928,-0.1406469793948056,-0.044086828874141566,-0.13263420225935005,0.0672246725010476,-0.036160157156932174,-0.039066650314993
309,2023_02_MIN_PHI,2023,2,PHI,MIN,34,6,62,28,1,0.021885670564676676,0.04447547774338407,-0.037545058646833704,-0.10948693052984265,-0.20161493601323383,0.10892633888553435,0.011870856752640335,0.05251456630193524
310,2023_02_NO_CAR,2023,2,CAR,NO,17,-3,37,20,0,-0.11120343000793485,-0.07931219048374585,-0.10968364700081958,-0.0019076667690405267,-0.229645125963482,-0.015054451898947902,-0.03374446539065012,-0.29099856961420795
311,2023_02_NYG_ARI,2023,2,ARI,NYG,28,-3,59,31,0,-0.13855018232322627,-0.22978666293322864,-0.08808828177528014,-0.03692660670558445,0.11841001527458192,-0.15942983222553914,0.11431738945891189,0.04642973778320428
312,2023_02_NYJ_DAL,2023,2,DAL,NYJ,30,20,40,10,1,-0.05430046579206099,0.10192853791575215,-0.12815700529247986,-0.16270720704472835,-0.12438514313633976,-0.14472752339448802,-0.04183141416699431,-0.07091167495531334
313,2023_02_SEA_DET,2023,2,DET,SEA,31,-6,68,37,0,-0.12305877491105063,0.21032831371608723,0.010768220613113073,-0.08746772729934843,-0.028474504906893867,-0.08473130270603985,0.013467169427650047,0.15122928575147307
314,2023_02_SF_LA,2023,2,LA,SF,23,-7,53,30,0,0.023912251258379837,-0.025998644403474387,-0.007956278103863096,-0.02300879838392433,-0.08009466849052281,0.17448970434430722,-0.06465797130036552,-0.14879119376156016
315,2023_02_WAS_DEN,2023,2,DEN,WAS,33,-2,68,35,0,-0.02356197694611115,-0.10210962773892235,-0.1669302196722951,0.16821200323512514,-0.10066298974108705,-0.17317298120031785,-0.19625091466739827,-0.09062481699330001
316,2023_03_ATL_DET,2023,3,DET,ATL,20,14,26,6,1,-0.15969816999497266,0.2010266021513049,0.020477801033712002,-0.00538230534716392,-0.006397733630543171,-0.03763487043291744,-0.0828339600168426,0.03516051097353472
317,2023_03_BUF_WAS,2023,3,WAS,BUF,3,-34,40,37,0,-0.03375494239764809,-0.10963063924552337,-0.11215960385097541,-0.0626222241206355,0.03191734267283587,0.07898681181473972,-0.15106638626078106,-0.04665201790789068
318,2023_03_CAR_SEA,2023,3,SEA,CAR,37,10,64,27,1,-0.011538279278247294,-0.003488283730799393,-0.048302121412698934,0.15290865243395574,-0.061931558335518444,-0.11972888888072991,-0.07984949784144237,-0.008848380052206306
319,2023_03_CHI_KC,2023,3,KC,CHI,41,31,51,10,1,-0.02853956454010474,0.1643186650171893,-0.051243967219962674,-0.058502260970098245,0.047921683875552276,-0.29735002974148594,0.0016439929502071108,0.32406124364976446
320,2023_03_DAL_ARI,2023,3,ARI,DAL,28,12,44,16,1,-0.09159969214459356,-0.1424963387765406,-0.02543764736459386,0.007962202127259467,-0.08072649628237022,0.1308061412975121,-0.19465436984876247,-0.246392935478379
321,2023_03_DEN_MIA,2023,3,MIA,DEN,70,50,90,20,1,-0.10416119206338911,0.12207274851438131,-0.015142855695904128,-0.062046877738964994,0.02842217823218206,-0.07197172376324268,-0.08770145107603934,0.16828241136240554
322,2023_03_HOU_JAX,2023,3,JAX,HOU,17,-20,54,37,0,-0.10369820811559116,-0.08188045882581133,-0.1643065015348752,0.001945261563453035,-0.31512679308256814,-0.10187924148589728,0.05360752633514198,-0.07408529470936258
323,2023_03_IND_BAL,2023,3,BAL,IND,19,-3,41,22,0,-0.015920437136648667,-0.0033541838243506855,-0.10443107732959964,-0.02402749625357897,-0.11219823737205037,-0.18151019035451862,-0.17272612160419573,0.01702653193265671
324,2023_03_LAC_MIN,2023,3,MIN,LAC,24,-4,52,28,0,-0.29946678237884716,0.13314709678672018,0.04664158695386755,0.05042479608262282,-0.02635612893725568,0.0986557424431397,-0.01520861013053002,-0.008447157714652539
325,2023_03_LA_CIN,2023,3,CIN,LA,19,3,35,16,1,-0.009939024816662523,-0.009021855405991732,-0.0707455836676557,0.028520203597272673,0.03669140488675139,-0.038061407568481954,0.02170980334710528,0.00458059880079799
326,2023_03_NE_NYJ,2023,3,NYJ,NE,10,-5,25,15,0,-0.19208029779149724,-0.23238096641510345,-0.07077306241859267,-0.00968317341433339,-0.09964004973504417,-0.10802411704366092,-0.11056726755154019,0.031682055327903254
327,2023_03_NO_GB,2023,3,GB,NO,18,1,35,17,1,-0.04749232549334784,0.12340803145650049,0.014734262218017945,-0.0348804345212064,-0.17750716321616797,-0.01955085182958009,0.0011258640327229028,-0.2920575210072503
328,2023_03_NYG_SF,2023,3,SF,NYG,30,18,42,12,1,-0.037451894223660694,0.1654515628588251,-0.035707167710737134,-0.13813266076706407,0.1424877178750356,-0.09226611882907997,0.114254001056092,0.08209826216783403
329,2023_03_PHI_TB,2023,3,TB,PHI,11,-14,36,25,0,-0.16188115872446343,0.07724931062313554,-0.15225253080013074,0.08563862337273878,0.05460296085057191,0.043877896219488975,-0.16500135722605214,-0.0452148443628236
330,2023_03_PIT_LV,2023,3,LV,PIT,18,-5,41,23,0,-0.17549590777123453,0.04407810861003273,0.033532204335202716,0.11332957879977983,-0.08447435299627667,-0.04331796107834826,-0.05368704784128309,-0.008132148037785001
331,2023_03_TEN_CLE,2023,3,CLE,TEN,27,24,30,3,1,0.014278985577481763,-0.1706372280525185,-0.11825454478661225,-0.23006025181857115,-0.053429675424789096,-0.14899157934056506,-0.26652482444032227,0.12983608023267698
332,2023_04_ARI_SF,2023,4,SF,ARI,35,19,51,16,1,-0.04982354704384212,0.21258420808220033,-0.04776281606678573,-0.16266640353395814,-0.03847535261704273,-0.08823125816164176,0.025926081231061188,-0.009646172986355835
333,2023_04_ATL_JAX,2023,4,JAX,ATL,23,16,30,7,1,-0.09653475382364131,-0.07448507613779384,-0.14837367178641808,0.08961182308360809,-0.0716502846234563,-0.09111603426777923,-0.11386756672064072,0.04391594169537495
334,2023_04_BAL_CLE,2023,4,CLE,BAL,3,-25,31,28,0,-0.024852309534129268,-0.10012126949144624,-0.16651770146385234,-0.27402941456886637,-0.0025062951630709,-0.06877967779470676,-0.10908994026223814,-0.051298996124308514
335,2023_04_CIN_TEN,2023,4,TEN,CIN,27,24,30,3,1,-0.113696090001697,-0.20797177401297448,-0.2536612511621478,0.14471507960170119,-0.02618718117641614,-0.030410405650021906,-0.034769464999058655,-0.016391780931838285
336,2023_04_DEN_CHI,2023,4,CHI,DEN,28,-3,59,31,0,0.05365647143809052,-0.3714373978042223,0.003964678823051756,0.3333046381975808,-0.032386348481993545,-0.10439279383630547,-0.016374700365455203,0.3425389006649212
337,2023_04_DET_GB,2023,4,GB,DET,20,-14,54,34,0,-0.028970557453193383,0.0928632383235364,0.004727257082721887,-0.0403357999162146,-0.176499261543637,0.17906953798011105,-0.049751142151616405,-0.06483549597454116
338,2023_04_KC_NYJ,2023,4,NYJ,KC,20,-3,43,23,0,-0.2167159051332228,-0.2617505328110027,-0.08506748319752391,0.026829073787039765,-0.02069525490866253,0.20282020886065885,-0.02734615833452151,-0.17583901436820032
339,2023_04_LA_IND,2023,4,IND,LA,23,-6,52,29,0,-0.1154344883543272,-0.17971275833318154,-0.13023226287352868,-0.05239167283353251,0.05299289801841328,-0.07091809398087687,-0.0004974434778173604,-0.019456770247699942
340,2023_04_LV_LAC,2023,4,LAC,LV,24,7,41,17,1,-0.12253938665032563,0.157685534789632,0.02209681986954132,-0.022255226714612445,-0.1675236715428905,0.008332685580098188,-0.012918758743325208,0.13015423769824966
341,2023_04_MIA_BUF,2023,4,BUF,MIA,48,28,68,20,1,0.07342840549732038,0.09446258034343179,-0.1139424007940063,-0.18950939470071348,-0.0300347264903356,0.30427593100567923,-0.06770879215825736,-0.09619142093256379
342,2023_04_MIN_CAR,2023,4,CAR,MIN,13,-8,34,21,0,-0.06517251156103678,-0.08375299166505715,-0.028895106553345925,0.022827090245522035,-0.20970239807943772,0.09320825213592818,-0.06301317031750987,0.11835545833525785
343,2023_04_NE_DAL,2023,4,DAL,NE,38,35,41,3,1,-0.019497758692050112,0.09069547661212966,-0.12288462221449882,-0.17333439438943754,-0.10858933219041299,-0.0533026282333153,-0.15029618605279185,-0.04658258147771072
344,2023_04_PIT_HOU,2023,4,HOU,PIT,30,24,36,6,1,-0.27117047906944486,0.0055452875333643695,0.031687141697046305,-0.06808830516739284,-0.10907470294675296,0.0025122452129098635,-0.06826947581199704,-0.034210090335075334
345,2023_04_SEA_NYG,2023,4,NYG,SEA,3,-21,27,24,0,0.09760940984959439,-0.12529597788834626,0.0739341423279003,0.1446765777002707,0.02663955507913973,0.027092358125900228,-0.054047535721423824,0.13845016470986019
346,2023_04_TB_NO,2023,4,NO,TB,9,-17,35,26,0,-0.15191790057332563,-0.027844710172639484,0.01064527428578958,-0.24567288529994122,-0.2183290555907401,0.0563571149121584,-0.09933888844723501,0.07835919200969228
347,2023_04_WAS_PHI,2023,4,PHI,WAS,34,3,65,31,1,0.06926930761051499,0.044303166230625926,-0.22059760488137925,-0.04351509715442988,-0.018228634917615158,-0.24130464918367928,-0.043831714999484295,-0.02087371846153397
348,2023_05_BAL_PIT,2023,5,PIT,BAL,17,7,27,10,1,-0.09660541248593153,-0.08579727510412108,-0.06577732919632864,0.04165173644373017,-0.029639996133033534,0.0013718327075858533,-0.12980033985165362,-0.167752152375644
349,2023_05_CAR_DET,2023,5,DET,CAR,42,18,66,24,1,-0.1253269792105629,0.16115026688213654,-0.04800541398562683,-0.10401694485619534,-0.07940363052218939,-0.1332412902363562,0.009296780005737639,-0.07698140453477156
350,2023_05_CHI_WAS,2023,5,WAS,CHI,20,-20,60,40,0,0.03354416510892956,-0.16578315341416763,-0.025850776458530428,0.031730660763992745,0.04205589432227217,-0.2690927068166385,0.024530622899832925,0.36227358090780815
351,2023_05_CIN_ARI,2023,5,ARI,CIN,20,-14,54,34,0,0.0007897905170671867,-0.05481938203890679,0.03707116842341444,0.18376150977230338,-0.048807543759239784,-0.07382701216223286,-0.04014356621133561,0.051637413279016026
352,2023_05_DAL_SF,2023,5,SF,DAL,42,32,52,10,1,-0.024868495368663947,0.3639525012050212,-0.007059986567030482,-0.11583563634053437,-0.027974798903520837,0.10417163271214896,-0.18379305633791054,-0.2323865543522351
353,2023_05_GB_LV,2023,5,LV,GB,17,4,30,13,1,-0.1346089234146427,-0.040407378949447716,-0.011539152781186926,0.0800377867257639,-0.031059821028640185,0.02457898254569354,0.022454753701268152,-0.017764503926184068
354,2023_05_HOU_ATL,2023,5,ATL,HOU,21,2,40,19,1,-0.040005692016400383,-0.17616708138134946,-0.12481190887369358,0.061212628886086265,-0.2312335885683689,0.0740703839931852,0.018179275135943942,-0.14336871530400278
355,2023_05_JAX_BUF,2023,5,BUF,JAX,20,-5,45,25,0,0.06324734631593185,0.22838456376630983,-0.056837933391489216,-0.17501923783447923,-0.11060799152537307,-0.03553111238013908,-0.10279613977393111,-0.028207453589204005
356,2023_05_KC_MIN,2023,5,MIN,KC,20,-7,47,27,0,-0.13833782410514867,-0.019281915433442008,-0.07760297798329976,0.031804848218045856,0.007380253584647737,0.16938358743816717,-0.048594309078390116,-0.1274725230443419
357,2023_05_NO_NE,2023,5,NE,NO,0,-34,34,34,0,-0.17243809865717738,-0.13479924621385211,-0.13467684329440763,-0.007705331786708244,-0.18263272826377208,-0.09254260969070055,-0.02154698452636306,-0.1624223464799503
358,2023_05_NYG_MIA,2023,5,MIA,NYG,31,15,47,16,1,0.01162698112664306,0.22788753315341992,-0.051914303116117125,0.07281941423469084,0.06067537487789112,-0.22691659401855305,0.07208277067024889,0.07004990869828444
359,2023_05_NYJ_DEN,2023,5,DEN,NYJ,21,-10,52,31,0,-0.00511193630719219,0.005351837405209904,-0.015051244331711048,0.31312150468782635,-0.20316069281983934,-0.19720103426287583,-0.044921708674434735,0.025644100714497655
360,2023_05_PHI_LA,2023,5,LA,PHI,14,-9,37,23,0,0.05497864272897104,-0.007851786876882469,-0.03527917668475375,0.03002828027591577,0.06639730192356015,0.0846057864529701,-0.13207909897099207,-0.004758120649763804
361,2023_05_TEN_IND,2023,5,IND,TEN,23,7,39,16,1,-0.1290049503538674,-0.10065296774605893,-0.09443288928575873,0.007255641343673376,-0.1045311922804723,-0.10424958364248077,-0.23441421251372851,0.0687642137207528
362,2023_06_ARI_LA,2023,6,LA,ARI,26,17,35,9,1,0.07625655096651282,-0.017791714941880216,-0.010803243610850468,0.0612371787791524,-0.009000668158083537,-0.12703248410959636,-0.024310622927487455,0.18561748212170823
363,2023_06_BAL_TEN,2023,6,TEN,BAL,16,-8,40,24,0,-0.11362634331387744,-0.03980082531883664,-0.180533292401186,0.12116420938910599,-0.005890917957570455,-0.07655400294128623,-0.15564319899616263,-0.12112598548617334
364,2023_06_CAR_MIA,2023,6,MIA,CAR,42,21,63,21,1,0.06619082331907082,0.1751146862511442,-0.09946379450186081,0.04930147057950456,-0.10615927573932814,-0.10876837940342339,0.04418085415168061,-0.027405046615137343
365,2023_06_DAL_LAC,2023,6,LAC,DAL,17,-3,37,20,0,-0.1009884432397261,0.10263847521202155,0.020023358744526393,-0.06523311494451062,-0.11673592708917177,0.0019153926475093568,-0.17730050112728538,-0.06650838381169834
366,2023_06_DEN_KC,2023,6,KC,DEN,19,11,27,8,1,-0.028364007490876537,0.20120861961752648,-0.008494333333684847,-0.11554315976425225,-0.020923816128656354,-0.05038525083977715,0.029883144728944305,0.2115130570650261
367,2023_06_DET_TB,2023,6,TB,DET,6,-14,26,20,0,-0.20829220722267675,0.08379409750194844,-0.1396470198597245,-0.005708909473572585,-0.06566612043489094,0.16689976117412278,-0.08053973343837413,-0.08492261887072373
368,2023_06_IND_JAX,2023,6,JAX,IND,37,17,57,20,1,-0.09001311841894914,0.00745631743935596,-0.09992188170174499,0.027964890538435507,-0.09452404255503014,-0.017072643715053307,-0.10538657910817337,0.05118245791903732
369,2023_06_MIN_CHI,2023,6,CHI,MIN,13,-6,32,19,0,0.08184406994647302,-0.15337583158618573,-0.05105391497717033,0.28661689461183776,-0.08162520492671227,-0.027180797486118742,-0.09785940150425218,0.08899943687912189
370,2023_06_NE_LV,2023,6,LV,NE,21,4,38,17,1,-0.13129495696021848,-0.04245285968214229,0.02067606614163344,-0.019624250641291533,-0.2805951577658354,-0.25635993287965997,-0.13777959662814576,0.016375093530264614
371,2023_06_NO_HOU,2023,6,HOU,NO,20,7,33,13,1,-0.24587056915178016,0.07775597486446623,-0.05073021715456009,-0.06816428125850714,-0.17690945682646717,-0.05284833600523578,-0.15747474814604445,-0.278899148918466
372,2023_06_NYG_BUF,2023,6,BUF,NYG,14,5,23,9,1,0.035635299839643614,0.2375395268353794,-0.04607973440206868,-0.10633865927017966,-0.007425830231917347,-0.19544947048650124,0.11546591131405429,0.04630486016487779
373,2023_06_PHI_NYJ,2023,6,NYJ,PHI,20,6,34,14,1,-0.12360576337953962,-0.20488734130005612,-0.053406812287570625,-0.033827670327871096,0.07212847884865964,0.10565341162165054,-0.07668103941608659,-0.015209535208292652
374,2023_06_SEA_CIN,2023,6,CIN,SEA,17,4,30,13,1,-0.0942000605680423,-0.024761869748001285,-0.0423913595647629,-0.039798348247670874,0.03348837782789555,-0.026059717610257955,-0.06315215198920023,-0.011937778374163916
375,2023_06_SF_CLE,2023,6,CLE,SF,19,2,36,17,1,-0.06116501181998913,-0.20788219196260205,-0.16345765096569256,-0.16580828758819033,-0.04747367367490998,0.4204363084721095,-0.09951760645302239,-0.17767217278157496
376,2023_06_WAS_ATL,2023,6,ATL,WAS,16,-8,40,24,0,-0.0982065515349937,-0.09492628304743904,-0.15903523181657228,0.06726462098524069,-0.04369926712198145,-0.1442538150831461,0.026435259622490388,0.0920826001649562
